<?xml version="1.0" encoding="utf-8" ?>
<kml xmlns="http://www.opengis.net/kml/2.2">
<Document id="root_doc">
<Schema name="nayoknam2" id="nayoknam2">
	<SimpleField name="id" type="string"></SimpleField>
	<SimpleField name="descriptio" type="string"></SimpleField>
	<SimpleField name="timestamp" type="string"></SimpleField>
	<SimpleField name="begin" type="string"></SimpleField>
	<SimpleField name="end" type="string"></SimpleField>
	<SimpleField name="altitudeMo" type="string"></SimpleField>
	<SimpleField name="tessellate" type="float"></SimpleField>
	<SimpleField name="extrude" type="float"></SimpleField>
	<SimpleField name="visibility" type="float"></SimpleField>
	<SimpleField name="drawOrder" type="float"></SimpleField>
	<SimpleField name="icon" type="string"></SimpleField>
	<SimpleField name="_id" type="string"></SimpleField>
	<SimpleField name="waterway" type="string"></SimpleField>
	<SimpleField name="width" type="string"></SimpleField>
	<SimpleField name="layer" type="string"></SimpleField>
	<SimpleField name="name_en" type="string"></SimpleField>
	<SimpleField name="name_th" type="string"></SimpleField>
	<SimpleField name="source" type="string"></SimpleField>
	<SimpleField name="tunnel" type="string"></SimpleField>
	<SimpleField name="fixme" type="string"></SimpleField>
	<SimpleField name="boat" type="string"></SimpleField>
</Schema>
<Folder><name>nayoknam2</name>
  <Placemark id="nayoknam2.1">
	<Style><LineStyle><color>ff0000ff</color></LineStyle><PolyStyle><fill>0</fill></PolyStyle></Style>
	<ExtendedData><SchemaData schemaUrl="#nayoknam2">
		<SimpleData name="tessellate">-1</SimpleData>
		<SimpleData name="extrude">0</SimpleData>
		<SimpleData name="visibility">-1</SimpleData>
		<SimpleData name="_id">way/27843795</SimpleData>
		<SimpleData name="waterway">stream</SimpleData>
	</SchemaData></ExtendedData>
      <MultiGeometry><LineString><coordinates>101.3166804,14.3202715 101.3160271,14.3195557 101.314226,14.3181004 101.3134629,14.3174142 101.3131271,14.3169882 101.31295,14.3164381 101.3129073,14.3159885 101.3129378,14.3155329 101.312834,14.3149 101.3127363,14.3145391 101.3125654,14.3144326 101.3122174,14.3143794 101.3119548,14.3142433 101.3118205,14.3140007 101.3117534,14.3135038 101.3119243,14.3130305 101.3121746,14.312433 101.3123562,14.3118232 101.3124429,14.3113652</coordinates></LineString></MultiGeometry>
  </Placemark>
  <Placemark id="nayoknam2.2">
	<Style><LineStyle><color>ff0000ff</color></LineStyle><PolyStyle><fill>0</fill></PolyStyle></Style>
	<ExtendedData><SchemaData schemaUrl="#nayoknam2">
		<SimpleData name="tessellate">-1</SimpleData>
		<SimpleData name="extrude">0</SimpleData>
		<SimpleData name="visibility">-1</SimpleData>
		<SimpleData name="_id">way/39806202</SimpleData>
		<SimpleData name="waterway">river</SimpleData>
		<SimpleData name="width">18</SimpleData>
	</SchemaData></ExtendedData>
      <MultiGeometry><LineString><coordinates>101.3208195,14.3120287 101.3197891,14.3120368 101.3192387,14.3120124 101.3174852,14.3121817 101.3159972,14.3123008 101.3154993,14.3123241 101.3153434,14.312295 101.3152234,14.3122717 101.3150555,14.3122485 101.3148396,14.3121904 101.3145037,14.3121265 101.3140418,14.3120974 101.313616,14.3120044 101.3133818,14.3119804 101.3130047,14.3118589 101.3127341,14.3117389 101.3125959,14.3115812 101.3124429,14.3113652</coordinates></LineString></MultiGeometry>
  </Placemark>
  <Placemark id="nayoknam2.3">
	<name>แม่น้ำนครนายก</name>
	<Style><LineStyle><color>ff0000ff</color></LineStyle><PolyStyle><fill>0</fill></PolyStyle></Style>
	<ExtendedData><SchemaData schemaUrl="#nayoknam2">
		<SimpleData name="tessellate">-1</SimpleData>
		<SimpleData name="extrude">0</SimpleData>
		<SimpleData name="visibility">-1</SimpleData>
		<SimpleData name="_id">way/40195565</SimpleData>
		<SimpleData name="waterway">river</SimpleData>
		<SimpleData name="width">45</SimpleData>
		<SimpleData name="name_en">Nakhon Nayok River</SimpleData>
		<SimpleData name="name_th">แม่น้ำนครนายก</SimpleData>
		<SimpleData name="source">LandSat; Wikipedia</SimpleData>
	</SchemaData></ExtendedData>
      <MultiGeometry><LineString><coordinates>101.2137295,14.2012972 101.2131147,14.2008488 101.212835,14.2006501 101.2126162,14.2004702 101.2125192,14.2003897 101.2123614,14.2002903 101.2122866,14.2002474 101.2122035,14.2002071 101.212137,14.2001802 101.2120373,14.2001588 101.2119459,14.2001507 101.2118573,14.2001668 101.2117631,14.200199 101.2117188,14.2002339 101.2116579,14.2003225 101.2116053,14.2003923 101.211561,14.2004809 101.2115388,14.2005561 101.2115167,14.2006394 101.2115056,14.2007494 101.2114917,14.2008756 101.2115,14.2009589 101.211525,14.2011012 101.2115831,14.2012542 101.2116884,14.2014878 101.2117244,14.2016247 101.2118075,14.2019791 101.2118435,14.2021456 101.2118518,14.2022342 101.2118518,14.2024114 101.2118518,14.2025698 101.2118462,14.2027578 101.2118296,14.2028947 101.2117964,14.2030075 101.2117493,14.2031095 101.2116773,14.2032088 101.2116081,14.2032706 101.2115443,14.2033136 101.2114419,14.2033511 101.2113616,14.203378 101.2112452,14.203378 101.2111483,14.2033646 101.2107883,14.2032411 101.2106387,14.2031766 101.2104531,14.2030934 101.2103008,14.2030477 101.2101236,14.202986 101.2099075,14.2029028 101.2096998,14.2028195 101.2094533,14.2027121 101.2093315,14.2026504 101.2092511,14.2025967 101.2090794,14.2024759 101.2089465,14.2023631 101.2088246,14.2022611 101.2087415,14.2021751 101.2086612,14.2020865 101.2085781,14.201963 101.2084784,14.2017107 101.2083399,14.201179 101.2082153,14.2001856 101.2081488,14.1998715 101.2081045,14.1997694 101.2080491,14.1996298 101.2079577,14.1995063 101.2078691,14.199458 101.2077694,14.1994365 101.2076503,14.1994499 101.2066656,14.1997293</coordinates></LineString></MultiGeometry>
  </Placemark>
  <Placemark id="nayoknam2.4">
	<name>คลองท่าด่าน</name>
	<Style><LineStyle><color>ff0000ff</color></LineStyle><PolyStyle><fill>0</fill></PolyStyle></Style>
	<ExtendedData><SchemaData schemaUrl="#nayoknam2">
		<SimpleData name="tessellate">-1</SimpleData>
		<SimpleData name="extrude">0</SimpleData>
		<SimpleData name="visibility">-1</SimpleData>
		<SimpleData name="_id">way/262200205</SimpleData>
		<SimpleData name="waterway">river</SimpleData>
		<SimpleData name="name_en">Khlong Tha Dan</SimpleData>
		<SimpleData name="name_th">คลองท่าด่าน</SimpleData>
	</SchemaData></ExtendedData>
      <MultiGeometry><LineString><coordinates>101.4432111,14.2998556 101.4440055,14.2993201 101.4445235,14.2988348 101.4446617,14.2982492 101.4442818,14.2978977 101.443781,14.2977639 101.4425894,14.297881 101.4420196,14.2975296 101.4415015,14.2970276 101.4404999,14.2973288 101.4397401,14.2977471 101.4394293,14.2981822 101.4394638,14.2991026 101.4398783,14.3000229 101.4403618,14.3007759 101.4402754,14.3013951 101.4394293,14.3018971 101.4386695,14.3019807 101.4380305,14.3017632 101.4372016,14.3010102 101.4362518,14.2998389 101.4356129,14.2990524 101.4348876,14.2988516 101.4344732,14.2990524 101.4344041,14.2999058 101.4347322,14.3008596 101.4350776,14.3015624 101.4350258,14.301964 101.4346459,14.3020644 101.4342659,14.3017967 101.4337652,14.3016628 101.4332298,14.3018301 101.432919,14.3023823 101.4323491,14.3027505 101.4316929,14.302466 101.4308986,14.3019807 101.4303632,14.3019305 101.4298106,14.3025831 101.4291199,14.3028676 101.4281183,14.3030015 101.4274276,14.3024325 101.4270476,14.3015959 101.427134,14.3008094 101.4275484,14.3003074 101.4286018,14.2998054 101.4298279,14.2989687 101.4302078,14.2983161 101.4299142,14.2977471 101.4285155,14.2973623 101.4270995,14.296877 101.4260633,14.2966427 101.4252172,14.2968435 101.4246991,14.2973957 101.4240084,14.2975296 101.4238184,14.2969607 101.4240947,14.2963415 101.4253208,14.2956219 101.4262015,14.2953709 101.4262533,14.2948187 101.4261151,14.2943669 101.4253726,14.2940991 101.4242156,14.2944338 101.4225751,14.2953542 101.4217289,14.2954546 101.4212799,14.2947685 101.4211763,14.2941159 101.4215562,14.2935804 101.4223851,14.2928943 101.4237493,14.2922249 101.4242156,14.29184 101.4242156,14.2912543 101.4236285,14.2902838 101.4228686,14.290267 101.4211763,14.2904176 101.4205201,14.290334 101.4203647,14.2895809 101.4205028,14.2886605 101.42109,14.2883593 101.4217462,14.2884262 101.4227305,14.2887944 101.4234558,14.2891124 101.4239048,14.2890287 101.4243883,14.2883258 101.4250618,14.2874222 101.4267368,14.2865185 101.428032,14.2859997 101.4284119,14.2853303 101.4282392,14.2847112 101.4272721,14.2840752 101.4262533,14.2835565 101.425528,14.2830209 101.4246646,14.2828034 101.4242501,14.2833054 101.4243883,14.2841087 101.4238529,14.2849454 101.4230068,14.2854642 101.4220225,14.2855981 101.4210554,14.2861671 101.4203992,14.2860165 101.4195185,14.2853471 101.4182535,14.2844128 101.4162183,14.2852415 101.4152725,14.2849456 101.4149282,14.2827141 101.4154134,14.2824839 101.4166236,14.2821022 101.4168495,14.2816981 101.415755,14.2809246 101.4148117,14.2807915 101.4139936,14.2819212 101.4136768,14.2826952 101.4138153,14.2832171 101.4136885,14.2841123 101.4137894,14.2850075 101.4135478,14.2870185 101.4141027,14.2884878 101.4165507,14.2910147 101.4160297,14.2915559 101.4147869,14.2914375 101.4138147,14.2908587 101.4128262,14.2900908 101.4116413,14.2898628 101.4103263,14.2897137 101.4095149,14.2902233 101.4096697,14.2913382 101.4092899,14.292412 101.40865,14.2931075 101.4079054,14.2929884 101.4078776,14.2920594 101.4077686,14.2913038 101.4066102,14.2910767 101.4055687,14.2917702 101.4053012,14.2926341 101.4048837,14.2941027 101.4049,14.2957443 101.404611,14.296362 101.4039623,14.2967064 101.4029978,14.2966375 101.4025821,14.2960466 101.4025821,14.2948371 101.4033824,14.2920706 101.4026743,14.2913429 101.4013785,14.2911655 101.3999364,14.2918407 101.3992559,14.2922591 101.3984478,14.2923807 101.3974914,14.293356 101.3975575,14.2936121 101.3976079,14.2938075 101.3964722,14.2944639 101.3952928,14.2943156 101.394347,14.2941966 101.3939615,14.2946945 101.3936133,14.2952303 101.3929074,14.2952618 101.3925432,14.2947812 101.3926019,14.2941114 101.3929435,14.293255 101.392935,14.2924232 101.3921312,14.2919247 101.3919778,14.291174 101.3920781,14.2891917 101.3923618,14.2883518 101.3923212,14.2881256 101.3915876,14.2877535 101.389574,14.2882921 101.3889065,14.2888959 101.3881569,14.2896768 101.3876795,14.290689 101.3874508,14.2917414 101.3844261,14.2921807 101.3841303,14.2928759 101.3839809,14.293382 101.3817214,14.293939 101.3810522,14.2938788 101.3807407,14.2933774 101.3803396,14.2921679 101.3807407,14.2904832 101.3800275,14.2896193 101.377873,14.2897736 101.3768589,14.2898492 101.3749944,14.2891025 101.3734342,14.2897774 101.3721973,14.2896802 101.3717624,14.2900064 101.3694335,14.2917537 101.3663344,14.2928838 101.3647583,14.294411 101.3629932,14.2963047 101.3615433,14.2989926 101.3606607,14.2996951 101.3595575,14.2997562 101.358801,14.3005808 101.35795,14.3009321 101.3551132,14.3013292 101.354073,14.3023739 101.3527807,14.3029543 101.351709,14.3043287 101.3508422,14.3056726 101.3495184,14.3058711 101.3464217,14.3068785 101.3380878,14.3102878 101.3352674,14.3104269 101.3324098,14.3086514 101.3281178,14.3074527 101.3249488,14.3108158 101.3211895,14.3119644 101.3208195,14.3120287</coordinates></LineString></MultiGeometry>
  </Placemark>
  <Placemark id="nayoknam2.5">
	<Style><LineStyle><color>ff0000ff</color></LineStyle><PolyStyle><fill>0</fill></PolyStyle></Style>
	<ExtendedData><SchemaData schemaUrl="#nayoknam2">
		<SimpleData name="tessellate">-1</SimpleData>
		<SimpleData name="extrude">0</SimpleData>
		<SimpleData name="visibility">-1</SimpleData>
		<SimpleData name="_id">way/292730233</SimpleData>
		<SimpleData name="waterway">river</SimpleData>
	</SchemaData></ExtendedData>
      <MultiGeometry><LineString><coordinates>101.1925819,14.3308864 101.1925635,14.3307536 101.1924804,14.3305873 101.1923355,14.3304287 101.1922578,14.3303092 101.1921478,14.3302312 101.1919413,14.3301974 101.1917857,14.3302208 101.1916623,14.3302104 101.1915926,14.3300675 101.1915631,14.3298752 101.1916945,14.3298206 101.1918876,14.3297063 101.1919305,14.3295322 101.1919252,14.3293632 101.191834,14.3292489 101.1916006,14.3291839 101.1913968,14.3291397 101.1912841,14.3290956 101.1911688,14.3289474 101.191209,14.3288773 101.1912063,14.3287187 101.1912385,14.3285654 101.191268,14.3284615 101.1912573,14.3282172 101.1912573,14.3280379 101.1912734,14.3278014 101.1912841,14.3276844 101.1912653,14.3274999 101.1912117,14.3272868 101.1911393,14.3271725 101.1909462,14.3269776 101.1907826,14.3268372 101.1905465,14.3267073 101.1903614,14.3266215 101.1903132,14.3264474 101.1903883,14.3263435 101.1904929,14.3261252 101.1905841,14.3260056 101.1907691,14.3260238 101.1909462,14.3260108 101.1911554,14.3258757 101.1912171,14.3256522 101.1913163,14.3254183 101.1913512,14.3252702 101.1914209,14.3251506 101.1915684,14.3249141 101.1916409,14.3247842 101.1917052,14.3245945 101.1917589,14.3244489</coordinates></LineString></MultiGeometry>
  </Placemark>
  <Placemark id="nayoknam2.6">
	<Style><LineStyle><color>ff0000ff</color></LineStyle><PolyStyle><fill>0</fill></PolyStyle></Style>
	<ExtendedData><SchemaData schemaUrl="#nayoknam2">
		<SimpleData name="tessellate">-1</SimpleData>
		<SimpleData name="extrude">0</SimpleData>
		<SimpleData name="visibility">-1</SimpleData>
		<SimpleData name="_id">way/292731804</SimpleData>
		<SimpleData name="waterway">river</SimpleData>
	</SchemaData></ExtendedData>
      <MultiGeometry><LineString><coordinates>101.1917589,14.3244489 101.1918152,14.3242748 101.1918742,14.3240825 101.1919359,14.323872 101.1918849,14.3236875 101.1918125,14.3235965 101.191657,14.3235367 101.1914611,14.3235211 101.1913351,14.3235289 101.1912546,14.3234718 101.1912573,14.3233522 101.1913673,14.3232327 101.1915309,14.3231105 101.1916194,14.3229754 101.191673,14.3228065 101.1916248,14.3226999 101.1914853,14.3225986 101.1914638,14.3224868 101.191496,14.3223595 101.1915577,14.3222685 101.1917347,14.3220632 101.191893,14.3219748 101.1920298,14.3219047 101.1921505,14.3218111</coordinates></LineString></MultiGeometry>
  </Placemark>
  <Placemark id="nayoknam2.7">
	<Style><LineStyle><color>ff0000ff</color></LineStyle><PolyStyle><fill>0</fill></PolyStyle></Style>
	<ExtendedData><SchemaData schemaUrl="#nayoknam2">
		<SimpleData name="tessellate">-1</SimpleData>
		<SimpleData name="extrude">0</SimpleData>
		<SimpleData name="visibility">-1</SimpleData>
		<SimpleData name="_id">way/292731808</SimpleData>
		<SimpleData name="waterway">river</SimpleData>
	</SchemaData></ExtendedData>
      <MultiGeometry><LineString><coordinates>101.1921505,14.3218111 101.1922712,14.3217409 101.1923892,14.3216968 101.1924348,14.3216812 101.1926386,14.3216032 101.1927808,14.3214863 101.1928613,14.3213771 101.192931,14.3212576 101.1930115,14.3210652 101.1930866,14.3210029 101.1932207,14.3209795 101.1933655,14.3209691 101.193556,14.3209509 101.1937437,14.3209093 101.1937947,14.3208339 101.1938161,14.3207664 101.1938188,14.3206286</coordinates></LineString></MultiGeometry>
  </Placemark>
  <Placemark id="nayoknam2.8">
	<Style><LineStyle><color>ff0000ff</color></LineStyle><PolyStyle><fill>0</fill></PolyStyle></Style>
	<ExtendedData><SchemaData schemaUrl="#nayoknam2">
		<SimpleData name="tessellate">-1</SimpleData>
		<SimpleData name="extrude">0</SimpleData>
		<SimpleData name="visibility">-1</SimpleData>
		<SimpleData name="_id">way/292731809</SimpleData>
		<SimpleData name="waterway">river</SimpleData>
	</SchemaData></ExtendedData>
      <MultiGeometry><LineString><coordinates>101.1938188,14.3206286 101.1937705,14.3205507 101.1935613,14.32027 101.1933575,14.3199633 101.1933467,14.3197034 101.1934648,14.3194643 101.193615,14.3192044 101.1939046,14.3185807 101.1939207,14.3183156 101.1939154,14.3180817 101.193851,14.3178478 101.1936847,14.3176607 101.1935881,14.3175256 101.1935667,14.3172969 101.1935774,14.3171409 101.1936472,14.3168862 101.1935828,14.3167199 101.1937062,14.316512 101.1938295,14.3162365 101.1938349,14.3160494 101.1938993,14.3157791 101.1940495,14.315436 101.1942533,14.3152021 101.1944357,14.3151554 101.1946449,14.3151709 101.1948327,14.3151554 101.1949239,14.3150098 101.1949775,14.3148227 101.1950848,14.3146979 101.1952511,14.314568 101.1953477,14.31449 101.1953423,14.3142665 101.1952511,14.3140066 101.1951277,14.3137987 101.1950848,14.313622 101.1951492,14.3133413 101.1952833,14.3131282 101.1954657,14.312967 101.1957902,14.3127955 101.1959217,14.3127695 101.1961362,14.3127643 101.1962569,14.3127643 101.1963374,14.3128111 101.1964098,14.3128657 101.196493,14.3129359 101.1966164,14.3129826 101.1967505,14.3129826 101.1968819,14.3129229 101.1969972,14.3128397 101.197126,14.3126578 101.1971555,14.3125772 101.1973352,14.3124395 101.1973996,14.3123563 101.1975203,14.3122549 101.1975685,14.3121484 101.1975739,14.3120756 101.1975042,14.3119405 101.1974425,14.3118937 101.1973942,14.3118157 101.1974076,14.3116806 101.1974747,14.3115792 101.1975578,14.3114233 101.1976195,14.3112725 101.1977482,14.3111062 101.1978904,14.3109918 101.1980245,14.3109113 101.1981694,14.3108411 101.1982847,14.3107449 101.1982847,14.3106358 101.1982766,14.3105552 101.1982203,14.3105058 101.1980326,14.310446</coordinates></LineString></MultiGeometry>
  </Placemark>
  <Placemark id="nayoknam2.9">
	<Style><LineStyle><color>ff0000ff</color></LineStyle><PolyStyle><fill>0</fill></PolyStyle></Style>
	<ExtendedData><SchemaData schemaUrl="#nayoknam2">
		<SimpleData name="tessellate">-1</SimpleData>
		<SimpleData name="extrude">0</SimpleData>
		<SimpleData name="visibility">-1</SimpleData>
		<SimpleData name="_id">way/292731814</SimpleData>
		<SimpleData name="waterway">river</SimpleData>
	</SchemaData></ExtendedData>
      <MultiGeometry><LineString><coordinates>101.1980326,14.310446 101.1979253,14.3103837 101.1977536,14.3102823 101.1976222,14.3101056 101.1975605,14.3098847 101.1976436,14.3097807 101.1978502,14.3097105 101.1981077,14.3096456 101.1982954,14.3095442 101.1983142,14.3093389 101.1982445,14.3092219 101.1981264,14.3090894 101.1979843,14.3088996 101.1979119,14.3087957 101.197944,14.3087099 101.1980326,14.3086138 101.1981694,14.308528 101.1981908,14.3084448 101.1981425,14.3083409 101.1981184,14.3082577 101.1981157,14.3081615 101.1981828,14.3080368 101.1982525,14.3079276 101.1982954,14.30786 101.1984054,14.3077067 101.1985019,14.3075378 101.1986387,14.3073117 101.1987621,14.3071635 101.1988936,14.3069842 101.1990143,14.3068282 101.1991376,14.3067191 101.1992503,14.3065631 101.1993308,14.3064358 101.1994917,14.3063448 101.1996473,14.3061915 101.1997948,14.3061187 101.2000576,14.3060095 101.200232,14.3059394 101.200358,14.3058692 101.2005002,14.3057886 101.2005994,14.3057262 101.2006879,14.3056015 101.2008006,14.3054092 101.2008864,14.3052714 101.2010232,14.3050349 101.2011278,14.3048582 101.2011895,14.3046788 101.2012539,14.3044189 101.2012807,14.3042812 101.2012941,14.3041928 101.201321,14.3041018 101.2013639,14.3040213</coordinates></LineString></MultiGeometry>
  </Placemark>
  <Placemark id="nayoknam2.10">
	<Style><LineStyle><color>ff0000ff</color></LineStyle><PolyStyle><fill>0</fill></PolyStyle></Style>
	<ExtendedData><SchemaData schemaUrl="#nayoknam2">
		<SimpleData name="tessellate">-1</SimpleData>
		<SimpleData name="extrude">0</SimpleData>
		<SimpleData name="visibility">-1</SimpleData>
		<SimpleData name="_id">way/292731816</SimpleData>
		<SimpleData name="waterway">river</SimpleData>
	</SchemaData></ExtendedData>
      <MultiGeometry><LineString><coordinates>101.2013639,14.3040213 101.2015463,14.3038653 101.2017555,14.3038861 101.2020505,14.3038861 101.202249,14.3036522 101.2025065,14.3034911 101.2027693,14.3033351</coordinates></LineString></MultiGeometry>
  </Placemark>
  <Placemark id="nayoknam2.11">
	<Style><LineStyle><color>ff0000ff</color></LineStyle><PolyStyle><fill>0</fill></PolyStyle></Style>
	<ExtendedData><SchemaData schemaUrl="#nayoknam2">
		<SimpleData name="tessellate">-1</SimpleData>
		<SimpleData name="extrude">0</SimpleData>
		<SimpleData name="visibility">-1</SimpleData>
		<SimpleData name="_id">way/292731817</SimpleData>
		<SimpleData name="waterway">river</SimpleData>
	</SchemaData></ExtendedData>
      <MultiGeometry><LineString><coordinates>101.2027693,14.3033351 101.2029088,14.3033507 101.203118,14.3034859 101.203397,14.303647 101.2036062,14.3038861 101.2037403,14.3041356 101.2039763,14.3042136 101.2041695,14.3040577 101.2042177,14.3038185 101.2041534,14.3035275 101.2041265,14.3033039 101.2041587,14.3029816 101.2042982,14.3027269 101.2045235,14.3024618 101.2046469,14.3023475</coordinates></LineString></MultiGeometry>
  </Placemark>
  <Placemark id="nayoknam2.12">
	<Style><LineStyle><color>ff0000ff</color></LineStyle><PolyStyle><fill>0</fill></PolyStyle></Style>
	<ExtendedData><SchemaData schemaUrl="#nayoknam2">
		<SimpleData name="tessellate">-1</SimpleData>
		<SimpleData name="extrude">0</SimpleData>
		<SimpleData name="visibility">-1</SimpleData>
		<SimpleData name="_id">way/292731819</SimpleData>
		<SimpleData name="waterway">river</SimpleData>
	</SchemaData></ExtendedData>
      <MultiGeometry><LineString><coordinates>101.2046469,14.3023475 101.204789,14.3022565 101.2048695,14.3021759 101.2046415,14.301916 101.2043518,14.3016717 101.2043358,14.3014118 101.2043358,14.3011675 101.2044216,14.3009856 101.2045718,14.300918 101.204781,14.3010219 101.2050707,14.3010531 101.2052584,14.3009544 101.2054623,14.3008556 101.2056608,14.3006997 101.2056339,14.3005749 101.2053818,14.3005281 101.2053121,14.3004242 101.2052423,14.3001383 101.2052584,14.2998575 101.2053174,14.2996548 101.2054408,14.2994365 101.205473,14.2992338 101.2055267,14.2990206 101.2056125,14.2987659 101.2057734,14.2986152 101.2058861,14.2986672 101.2059612,14.2988387 101.2060202,14.299031</coordinates></LineString></MultiGeometry>
  </Placemark>
  <Placemark id="nayoknam2.13">
	<Style><LineStyle><color>ff0000ff</color></LineStyle><PolyStyle><fill>0</fill></PolyStyle></Style>
	<ExtendedData><SchemaData schemaUrl="#nayoknam2">
		<SimpleData name="tessellate">-1</SimpleData>
		<SimpleData name="extrude">0</SimpleData>
		<SimpleData name="visibility">-1</SimpleData>
		<SimpleData name="_id">way/292731822</SimpleData>
		<SimpleData name="waterway">river</SimpleData>
		<SimpleData name="width">10</SimpleData>
	</SchemaData></ExtendedData>
      <MultiGeometry><LineString><coordinates>101.2060202,14.299031 101.2060738,14.2992182 101.2062079,14.2993949 101.2063796,14.2994157 101.2065137,14.2993585 101.2065352,14.299239 101.2064976,14.299057 101.2064386,14.2988855 101.2063689,14.2987087 101.2063689,14.2985528 101.2064332,14.2984696 101.2065513,14.2984644 101.20668,14.2985424 101.2068463,14.298636 101.2070341,14.2986776 101.2072004,14.298636 101.2073774,14.2985112 101.2074203,14.2983241 101.207431,14.2981057 101.207431,14.297903 101.2074525,14.2976847 101.207431,14.2974975 101.2074096,14.2972792 101.207431,14.2969517 101.2074847,14.2967282 101.2076349,14.2965775 101.2077851,14.2965775 101.2079621,14.296593 101.2081499,14.2966762 101.2083322,14.296697 101.2084503,14.2965515 101.2085039,14.2963747 101.2085039,14.2961044 101.2084771,14.2958497 101.2083859,14.2955846 101.2082571,14.2953922 101.2081713,14.2952415 101.2081874,14.294914 101.2083001,14.2948568 101.2085093,14.294836 101.2087614,14.2948412 101.2089652,14.294836 101.2091637,14.2947061 101.2093408,14.2945241 101.2093837,14.2942538 101.2093783,14.2940251 101.2093568,14.293656 101.2093139,14.2935104 101.2092335,14.2933389 101.209212,14.2931258 101.209212,14.2929178 101.2092066,14.2927411 101.2093354,14.2926839 101.2095071,14.2926891 101.2098128,14.2927567 101.2098478,14.2927652 101.2101561,14.2928399 101.2104244,14.2928503 101.2105156,14.2927723 101.210757,14.2925072</coordinates></LineString></MultiGeometry>
  </Placemark>
  <Placemark id="nayoknam2.14">
	<Style><LineStyle><color>ff0000ff</color></LineStyle><PolyStyle><fill>0</fill></PolyStyle></Style>
	<ExtendedData><SchemaData schemaUrl="#nayoknam2">
		<SimpleData name="tessellate">-1</SimpleData>
		<SimpleData name="extrude">0</SimpleData>
		<SimpleData name="visibility">-1</SimpleData>
		<SimpleData name="_id">way/292733135</SimpleData>
		<SimpleData name="waterway">river</SimpleData>
	</SchemaData></ExtendedData>
      <MultiGeometry><LineString><coordinates>101.210757,14.2925072 101.2109522,14.292274 101.2111319,14.2920479 101.2112284,14.2918166 101.2112499,14.2915852 101.2112365,14.2912161 101.2111694,14.2908731 101.2111587,14.2906859 101.2112311,14.2905352 101.2113384,14.290348 101.2114457,14.2901713 101.2114323,14.2900205 101.211392,14.2899087 101.2112418,14.2897944 101.2110487,14.2897632 101.2107912,14.289758 101.2105713,14.2897216 101.2104211,14.289628 101.2104425,14.2895085 101.2105284,14.2893525 101.2106839,14.2891966 101.2108663,14.2889834 101.2110487,14.2887651 101.2112472,14.2886039 101.211392,14.2885623 101.211435,14.2883856 101.211435,14.2881933 101.2114081,14.2879177 101.2112847,14.2878086 101.2111453,14.2878138 101.210979,14.2878761 101.210802,14.2880321 101.2106839,14.2881205 101.2105713,14.2881257 101.2105391,14.2880373 101.2105337,14.2879229 101.2105069,14.2877202 101.2104264,14.287611 101.2103621,14.2874291 101.210464,14.2872835 101.2106088,14.2872003 101.2107805,14.2871276 101.2109843,14.2871588 101.2112472,14.2871484 101.2113599,14.2872315 101.2115369,14.2873459 101.2117407,14.2874447 101.2119124,14.2874655 101.2120948,14.2874291 101.2121967,14.2872783 101.2122772,14.2870912 101.2122772,14.2869716</coordinates></LineString></MultiGeometry>
  </Placemark>
  <Placemark id="nayoknam2.15">
	<Style><LineStyle><color>ff0000ff</color></LineStyle><PolyStyle><fill>0</fill></PolyStyle></Style>
	<ExtendedData><SchemaData schemaUrl="#nayoknam2">
		<SimpleData name="tessellate">-1</SimpleData>
		<SimpleData name="extrude">0</SimpleData>
		<SimpleData name="visibility">-1</SimpleData>
		<SimpleData name="_id">way/292733136</SimpleData>
		<SimpleData name="waterway">river</SimpleData>
	</SchemaData></ExtendedData>
      <MultiGeometry><LineString><coordinates>101.2112472,14.2871484 101.2113599,14.28706 101.2115315,14.2869872 101.2116817,14.287034 101.2118266,14.2871016 101.2118748,14.2871899 101.2118909,14.2873043 101.2119124,14.2874655</coordinates></LineString></MultiGeometry>
  </Placemark>
  <Placemark id="nayoknam2.16">
	<Style><LineStyle><color>ff0000ff</color></LineStyle><PolyStyle><fill>0</fill></PolyStyle></Style>
	<ExtendedData><SchemaData schemaUrl="#nayoknam2">
		<SimpleData name="tessellate">-1</SimpleData>
		<SimpleData name="extrude">0</SimpleData>
		<SimpleData name="visibility">-1</SimpleData>
		<SimpleData name="_id">way/292733140</SimpleData>
		<SimpleData name="waterway">river</SimpleData>
	</SchemaData></ExtendedData>
      <MultiGeometry><LineString><coordinates>101.2122772,14.2869716 101.2122638,14.2868637 101.2123415,14.2867936 101.2125347,14.2867546 101.2127492,14.2867338 101.2129584,14.2867338 101.2131677,14.2867962 101.2132159,14.2869079 101.2133661,14.2869599 101.2134815,14.2869391 101.213629,14.2868247 101.2137712,14.286778 101.2139294,14.2867702 101.2140367,14.2867156 101.2140903,14.2864505 101.2140903,14.2863595 101.2141493,14.2861827 101.2141896,14.2860372 101.2142513,14.2858682 101.2143022,14.2857071 101.2143532,14.2856005 101.2144417,14.2854861 101.2145597,14.2853614 101.2147421,14.2852678 101.2148387,14.2852106 101.2149406,14.2852158 101.2150747,14.2852522 101.2152356,14.2851534 101.2154422,14.2850105 101.215587,14.2849637 101.2157265,14.2849091 101.2158767,14.2847973 101.2159813,14.2846258 101.2160993,14.2844542 101.2162898,14.2841189 101.2164078,14.2838928</coordinates></LineString></MultiGeometry>
  </Placemark>
  <Placemark id="nayoknam2.17">
	<Style><LineStyle><color>ff0000ff</color></LineStyle><PolyStyle><fill>0</fill></PolyStyle></Style>
	<ExtendedData><SchemaData schemaUrl="#nayoknam2">
		<SimpleData name="tessellate">-1</SimpleData>
		<SimpleData name="extrude">0</SimpleData>
		<SimpleData name="visibility">-1</SimpleData>
		<SimpleData name="_id">way/292733142</SimpleData>
		<SimpleData name="waterway">river</SimpleData>
	</SchemaData></ExtendedData>
      <MultiGeometry><LineString><coordinates>101.2164078,14.2838928 101.2165204,14.2837056 101.2167243,14.2835055 101.2169281,14.2833365 101.2169979,14.2832715 101.216971,14.2832014 101.2168101,14.2830298 101.216625,14.2828686 101.2166331,14.2827439 101.2167672,14.2826763 101.2169496,14.2827023 101.2171722,14.2827673 101.2173948,14.2828479 101.2176014,14.2828738 101.2176765,14.2827751 101.2176738,14.2826581 101.2175987,14.2825437 101.2175262,14.2824891 101.2175558,14.28238 101.2175584,14.282276 101.2175182,14.2822214 101.2173385,14.2820837 101.2173063,14.2820135 101.2173358,14.2818497 101.2174243,14.2816574 101.217773,14.2810543</coordinates></LineString></MultiGeometry>
  </Placemark>
  <Placemark id="nayoknam2.18">
	<Style><LineStyle><color>ff0000ff</color></LineStyle><PolyStyle><fill>0</fill></PolyStyle></Style>
	<ExtendedData><SchemaData schemaUrl="#nayoknam2">
		<SimpleData name="tessellate">-1</SimpleData>
		<SimpleData name="extrude">0</SimpleData>
		<SimpleData name="visibility">-1</SimpleData>
		<SimpleData name="_id">way/292733144</SimpleData>
		<SimpleData name="waterway">river</SimpleData>
	</SchemaData></ExtendedData>
      <MultiGeometry><LineString><coordinates>101.217773,14.2810543 101.2178508,14.2809322 101.2179983,14.2808542 101.218229,14.2808256 101.2184597,14.2807658 101.2186689,14.2807138 101.2188969,14.2806124 101.2190122,14.2804903 101.2191517,14.2803811 101.2192724,14.2803317 101.2193743,14.2802433 101.2194199,14.2801134 101.2194494,14.2799652 101.2194869,14.279843 101.2195969,14.2797365 101.2198008,14.2796195 101.220018,14.2795779 101.2202755,14.2794739 101.2204016,14.2794349 101.2205491,14.2793466 101.2205732,14.2792426 101.2205411,14.279162 101.2204928,14.2790528</coordinates></LineString></MultiGeometry>
  </Placemark>
  <Placemark id="nayoknam2.19">
	<Style><LineStyle><color>ff0000ff</color></LineStyle><PolyStyle><fill>0</fill></PolyStyle></Style>
	<ExtendedData><SchemaData schemaUrl="#nayoknam2">
		<SimpleData name="tessellate">-1</SimpleData>
		<SimpleData name="extrude">0</SimpleData>
		<SimpleData name="visibility">-1</SimpleData>
		<SimpleData name="_id">way/292733146</SimpleData>
		<SimpleData name="waterway">river</SimpleData>
	</SchemaData></ExtendedData>
      <MultiGeometry><LineString><coordinates>101.2204928,14.2790528 101.2204445,14.2788865 101.2204606,14.2787097 101.220584,14.2786473 101.2207825,14.2786473 101.220938,14.2786473 101.2211848,14.2786058 101.2213618,14.2785434 101.2215335,14.2784758 101.2218714,14.278377 101.2221075,14.278377 101.2223006,14.2783822 101.2225742,14.2782522 101.2226922,14.2780703 101.2229014,14.2779507 101.222955,14.2778987 101.2229443,14.2777636 101.2229014,14.2776076</coordinates></LineString></MultiGeometry>
  </Placemark>
  <Placemark id="nayoknam2.20">
	<Style><LineStyle><color>ff0000ff</color></LineStyle><PolyStyle><fill>0</fill></PolyStyle></Style>
	<ExtendedData><SchemaData schemaUrl="#nayoknam2">
		<SimpleData name="tessellate">-1</SimpleData>
		<SimpleData name="extrude">0</SimpleData>
		<SimpleData name="visibility">-1</SimpleData>
		<SimpleData name="_id">way/292733147</SimpleData>
		<SimpleData name="waterway">river</SimpleData>
	</SchemaData></ExtendedData>
      <MultiGeometry><LineString><coordinates>101.2229014,14.2776076 101.2229108,14.2775569 101.2230033,14.2774698 101.2231066,14.2773763 101.2232246,14.277271 101.223242,14.277219 101.2232219,14.2771384 101.223179,14.2770708 101.2231254,14.2770006 101.2230892,14.2769188 101.2231012,14.2768577 101.2231736,14.2768135 101.2232675,14.2768135 101.2234083,14.2768096 101.2235746,14.2768031 101.2239112,14.2767823 101.2240521,14.276729 101.2239944,14.2765718 101.223981,14.2764938 101.223981,14.2763924 101.2240011,14.2763157 101.2240641,14.2762507</coordinates></LineString></MultiGeometry>
  </Placemark>
  <Placemark id="nayoknam2.21">
	<Style><LineStyle><color>ff0000ff</color></LineStyle><PolyStyle><fill>0</fill></PolyStyle></Style>
	<ExtendedData><SchemaData schemaUrl="#nayoknam2">
		<SimpleData name="tessellate">-1</SimpleData>
		<SimpleData name="extrude">0</SimpleData>
		<SimpleData name="visibility">-1</SimpleData>
		<SimpleData name="_id">way/292733149</SimpleData>
		<SimpleData name="waterway">river</SimpleData>
	</SchemaData></ExtendedData>
      <MultiGeometry><LineString><coordinates>101.2240641,14.2762507 101.2241392,14.276187 101.224217,14.2760571 101.2242599,14.2759297 101.2243163,14.2758361 101.2244155,14.2758283 101.2245174,14.2758855 101.2246435,14.2759427 101.2246945,14.2759947 101.2247052,14.2760831 101.2247079,14.2762208 101.2247186,14.2763196 101.2248017,14.2763872 101.2249224,14.276434 101.2251048,14.2764132 101.2252175,14.2763456 101.2252631,14.276226 101.2253167,14.2760701 101.2253945,14.2759739 101.2255072,14.2759323 101.225703,14.2758933</coordinates></LineString></MultiGeometry>
  </Placemark>
  <Placemark id="nayoknam2.22">
	<Style><LineStyle><color>ff0000ff</color></LineStyle><PolyStyle><fill>0</fill></PolyStyle></Style>
	<ExtendedData><SchemaData schemaUrl="#nayoknam2">
		<SimpleData name="tessellate">-1</SimpleData>
		<SimpleData name="extrude">0</SimpleData>
		<SimpleData name="visibility">-1</SimpleData>
		<SimpleData name="_id">way/292733152</SimpleData>
		<SimpleData name="waterway">river</SimpleData>
	</SchemaData></ExtendedData>
      <MultiGeometry><LineString><coordinates>101.225703,14.2758933 101.2258371,14.2758621 101.2259685,14.2757789 101.2260543,14.2756386 101.2260409,14.2755554 101.2259953,14.275532 101.22588,14.2754748 101.2257781,14.2753864 101.2257459,14.2752981 101.2257486,14.2752149 101.225762,14.2751161 101.2258183,14.2750511 101.2259175,14.2750199 101.2260195,14.2750173 101.226116,14.2750121 101.2262609,14.2750069 101.2263762,14.2749887 101.2265344,14.2749783 101.2266605,14.2749705 101.2268134,14.2749627 101.226969,14.2749497 101.2272184,14.2749081 101.2273364,14.2748952 101.2274974,14.2748874 101.2279775,14.2749289</coordinates></LineString></MultiGeometry>
  </Placemark>
  <Placemark id="nayoknam2.23">
	<Style><LineStyle><color>ff0000ff</color></LineStyle><PolyStyle><fill>0</fill></PolyStyle></Style>
	<ExtendedData><SchemaData schemaUrl="#nayoknam2">
		<SimpleData name="tessellate">-1</SimpleData>
		<SimpleData name="extrude">0</SimpleData>
		<SimpleData name="visibility">-1</SimpleData>
		<SimpleData name="_id">way/292733155</SimpleData>
		<SimpleData name="waterway">river</SimpleData>
	</SchemaData></ExtendedData>
      <MultiGeometry><LineString><coordinates>101.2279775,14.2749289 101.2280553,14.2749497 101.228176,14.2749757 101.2283315,14.2749731 101.2285193,14.2749029 101.2286641,14.2748146 101.2288304,14.2746456 101.2289458,14.2745442 101.2290369,14.2745182 101.2292328,14.2744818 101.229391,14.2744792 101.2295332,14.2744948 101.2295707,14.274565 101.2295868,14.274669 101.2295412,14.2747496 101.2294446,14.2748094 101.2293374,14.2748692 101.2292488,14.2749549 101.2292515,14.2750199 101.229332,14.2751031 101.2294876,14.2752331 101.2295707,14.2752539 101.2297397,14.2752721 101.2298633,14.2752528 101.229906,14.2752461 101.2300696,14.2752201 101.2302815,14.2751889 101.2304746,14.2751499 101.2306275,14.2751187 101.2307375,14.2750771 101.2308501,14.2749887 101.2308769,14.2748952 101.2309038,14.2747652 101.230952,14.2746378 101.2310432,14.2745676 101.2311693,14.274526 101.2313061,14.2745312 101.231349,14.2746092</coordinates></LineString></MultiGeometry>
  </Placemark>
  <Placemark id="nayoknam2.24">
	<Style><LineStyle><color>ff0000ff</color></LineStyle><PolyStyle><fill>0</fill></PolyStyle></Style>
	<ExtendedData><SchemaData schemaUrl="#nayoknam2">
		<SimpleData name="tessellate">-1</SimpleData>
		<SimpleData name="extrude">0</SimpleData>
		<SimpleData name="visibility">-1</SimpleData>
		<SimpleData name="_id">way/292733162</SimpleData>
		<SimpleData name="waterway">river</SimpleData>
	</SchemaData></ExtendedData>
      <MultiGeometry><LineString><coordinates>101.231349,14.2746092 101.2313678,14.2747288 101.2313678,14.2748302 101.2314161,14.2750069 101.2315582,14.2750927 101.2317004,14.2751005 101.2317889,14.2750511 101.2317808,14.2749497 101.2317648,14.2747886 101.2317889,14.2746222 101.2318586,14.2745026 101.2319767,14.2744273 101.2321349,14.2744065 101.2323012,14.2744559 101.2326097,14.2746352 101.2327706,14.2746534 101.2328028,14.2746092 101.2328028,14.2746066 101.232784,14.2744766 101.2327196,14.2742557 101.2327143,14.2741335 101.2327438,14.2740296 101.2328215,14.2739724 101.2329315,14.273949 101.23313,14.2738892 101.2332829,14.2738008 101.2333714,14.2737202 101.2334438,14.2736344 101.2334975,14.2735253 101.2334948,14.2734109 101.2334519,14.2733459 101.233425,14.2731717 101.233476,14.2730522 101.2336477,14.2729898 101.2337496,14.2729742 101.2338891,14.2728936 101.2338971,14.272761 101.233881,14.2725869 101.2337979,14.2725089 101.2337255,14.2724309 101.2336503,14.2722308 101.233645,14.2722204 101.2336906,14.2719916 101.2337952,14.2718538 101.2338864,14.2717889 101.2341197,14.2716173 101.2342833,14.2716277 101.2344336,14.2717031 101.2345113,14.2718408 101.2345596,14.271989 101.2346562,14.2721684 101.2347366,14.2721658 101.2348386,14.2720696 101.234911,14.2719656 101.2349807,14.2719084 101.2351041,14.2718876 101.235206,14.2719422 101.2352409,14.2720488 101.2352516,14.272145</coordinates></LineString></MultiGeometry>
  </Placemark>
  <Placemark id="nayoknam2.25">
	<Style><LineStyle><color>ff0000ff</color></LineStyle><PolyStyle><fill>0</fill></PolyStyle></Style>
	<ExtendedData><SchemaData schemaUrl="#nayoknam2">
		<SimpleData name="tessellate">-1</SimpleData>
		<SimpleData name="extrude">0</SimpleData>
		<SimpleData name="visibility">-1</SimpleData>
		<SimpleData name="_id">way/292734593</SimpleData>
		<SimpleData name="waterway">river</SimpleData>
	</SchemaData></ExtendedData>
      <MultiGeometry><LineString><coordinates>101.2352516,14.272145 101.2354038,14.2722967 101.2356046,14.2724249 101.2359426,14.272591 101.2362022,14.2727097 101.2363197,14.27289 101.2363197,14.2730324 101.2362854,14.2732555 101.2362267,14.2735356 101.2361973,14.2737397 101.2362365,14.2737777 101.2362659,14.2738062 101.2364716,14.2738821 101.2367899,14.2739533 101.2370495,14.2739058 101.2372993,14.2737065 101.2374952,14.2734739 101.2376177,14.2732223 101.2376471,14.2730704 101.237603,14.2728378 101.2374463,14.2727097 101.2373385,14.2725056 101.237412,14.2723252 101.2375834,14.2723062 101.237794,14.2723299 101.238083,14.2722682 101.2382299,14.2721353</coordinates></LineString></MultiGeometry>
  </Placemark>
  <Placemark id="nayoknam2.26">
	<Style><LineStyle><color>ff0000ff</color></LineStyle><PolyStyle><fill>0</fill></PolyStyle></Style>
	<ExtendedData><SchemaData schemaUrl="#nayoknam2">
		<SimpleData name="tessellate">-1</SimpleData>
		<SimpleData name="extrude">0</SimpleData>
		<SimpleData name="visibility">-1</SimpleData>
		<SimpleData name="_id">way/292734598</SimpleData>
		<SimpleData name="waterway">river</SimpleData>
	</SchemaData></ExtendedData>
      <MultiGeometry><LineString><coordinates>101.2332844,14.2768206 101.233338,14.276675 101.2335097,14.2762279 101.2336867,14.2758536 101.2337672,14.2754949 101.233794,14.2752193 101.2339099,14.2750498 101.2340912,14.2748979 101.2343067,14.2747887 101.2346054,14.2747128 101.2348797,14.2747508 101.2350512,14.2746084 101.2351148,14.2743331 101.2352618,14.2740198 101.2356732,14.2738774 101.2359965,14.2738441 101.2362365,14.2737777</coordinates></LineString></MultiGeometry>
  </Placemark>
  <Placemark id="nayoknam2.27">
	<Style><LineStyle><color>ff0000ff</color></LineStyle><PolyStyle><fill>0</fill></PolyStyle></Style>
	<ExtendedData><SchemaData schemaUrl="#nayoknam2">
		<SimpleData name="tessellate">-1</SimpleData>
		<SimpleData name="extrude">0</SimpleData>
		<SimpleData name="visibility">-1</SimpleData>
		<SimpleData name="_id">way/292734601</SimpleData>
		<SimpleData name="waterway">river</SimpleData>
	</SchemaData></ExtendedData>
      <MultiGeometry><LineString><coordinates>101.2382446,14.2721211 101.2382985,14.2720166 101.2383279,14.271879 101.2382985,14.2717508 101.2382887,14.2715942 101.2383671,14.2713853 101.2384699,14.2712809 101.2385483,14.2710768 101.2385238,14.2708394 101.2384552,14.2705879 101.2383671,14.2704502 101.2383132,14.2702318 101.2382348,14.2700182 101.2381761,14.2697477 101.2381809,14.2694913 101.2382495,14.2693157 101.2383818,14.2692825 101.2385238,14.2693489 101.2385875,14.2694296 101.2387148,14.2694439 101.2388275,14.2693964 101.2390234,14.2692113 101.2391997,14.2690356 101.2393956,14.2688885 101.2396014,14.2687508 101.2397483,14.2687746 101.2399099,14.2688173 101.2399932,14.2687841 101.2400226,14.2686084 101.2400226,14.2684375 101.2401156,14.2683331 101.2403018,14.2683094 101.2404438,14.2684091 101.2406054,14.2685325 101.2407181,14.2686037 101.2408748,14.2685847 101.2412618,14.2683711 101.2412911,14.2682334 101.2411883,14.2681622 101.2409973,14.268186 101.240816,14.268129 101.2407916,14.2679629 101.2408503,14.267792 101.2409924,14.2676021 101.241154,14.267417 101.2412618,14.2673695 101.241345,14.2673837 101.2414087,14.2674739 101.2414136,14.2675641 101.2413744,14.2676685 101.2413597,14.2677777 101.2414381,14.2678774 101.2415409,14.2678822 101.2415654,14.2678394 101.2417075,14.2677398 101.2419083,14.267678 101.2420013,14.267773 101.2421189,14.2678822 101.2423295,14.2680578 101.2424667,14.2680483 101.2426724,14.2679201 101.2428585,14.2680056 101.2431818,14.2680768 101.2435442,14.2680436 101.2438479,14.2679344 101.2441711,14.2678299 101.2444552,14.2676591 101.2446071,14.2675594 101.2448911,14.2676448 101.2450479,14.2677587 101.2451703,14.2677109 101.2454005,14.2676211 101.2457189,14.2674122 101.2458609,14.2671322 101.2460079,14.2668901 101.2461156,14.2668521 101.2464144,14.2668378 101.2466642,14.2667951 101.2468944,14.2666385 101.2470756,14.2664059 101.2472862,14.2662302 101.2473744,14.2660926 101.2474675,14.2659359 101.2475066,14.2657413 101.2475899,14.2656226 101.2477124,14.2655894 101.2478103,14.2655989 101.2478495,14.2656986 101.2478446,14.2658125 101.2478103,14.2659169 101.2478103,14.2660071 101.2478446,14.2660451 101.247967,14.2660783 101.2480454,14.2660261 101.2481287,14.2658932 101.2482315,14.265765 101.2484373,14.2655419 101.2486772,14.2653473 101.2489124,14.2651479 101.249314,14.2647824 101.2494609,14.264602 101.2497058,14.2643884 101.249985,14.2641653 101.2502299,14.2639802 101.2504503,14.2637856 101.2505581,14.2636337 101.2507197,14.2636147 101.2509303,14.2635862 101.2511409,14.2633821 101.2511899,14.2632254 101.2511801,14.2630213 101.2511605,14.2628504 101.2511752,14.2626843 101.2512144,14.2625134 101.2513221,14.2623235 101.251474,14.2621858 101.2516209,14.2621241 101.251856,14.2620767 101.2519687,14.2621526 101.2520128,14.2622998 101.251954,14.2623757 101.2518021,14.2624612 101.2517336,14.2625419 101.2517238,14.2626795 101.2517923,14.2627365 101.2519638,14.262727 101.2521352,14.262689 101.2523801,14.2626178 101.252625,14.2625229 101.2530021,14.2623995 101.2531687,14.262276 101.2533793,14.2621336 101.2536144,14.2620529 101.2538936,14.2619865 101.2540454,14.2620244 101.2541678,14.2622428 101.2542707,14.26239 101.2544078,14.2624232 101.2547213,14.2623567 101.2550299,14.2623045 101.2552601,14.2622143 101.255505,14.2622048 101.2557842,14.2621479 101.2560683,14.2620814 101.2563964,14.2619438 101.2567148,14.2618298 101.2568813,14.2617254 101.2570968,14.2616162 101.2573711,14.2615118 101.2576111,14.2614406 101.2577727,14.2613266 101.2579001,14.2611605 101.2579736,14.2609184 101.2578707,14.2607855 101.2577874,14.2606383 101.2577433,14.2604817 101.2577776,14.2603108 101.2578511,14.2601399 101.2579197,14.259969 101.2579882,14.2598218 101.2581058,14.2597839 101.2583066,14.2597459 101.2584193,14.2596557 101.2585417,14.2594895 101.2586397,14.2593187 101.2586984,14.2592047 101.2587131,14.2590528 101.2586789,14.2589199 101.2586446,14.2587443 101.2585956,14.2586208 101.2584682,14.2584784 101.2583752,14.258374 101.2583066,14.2583313 101.2582185,14.2581651 101.2581303,14.2580132 101.2581744,14.2578755 101.2582625,14.2577426 101.2583311,14.257605 101.2583017,14.2574815 101.2582185,14.2573961 101.2581205,14.2572062 101.2582087,14.2569973 101.2582772,14.2569736 101.2584242,14.2569831 101.2585711,14.2569783 101.2586495,14.2568739 101.2587229,14.2566223 101.2587817,14.2564657 101.2588993,14.25629 101.2589825,14.2562046 101.2590952,14.2561191 101.2591148,14.2560384 101.2590217,14.2559245 101.2588797,14.2558011 101.2587474,14.2557441 101.2586299,14.2556966 101.2584682,14.2555969 101.2584046,14.2553881 101.2585466,14.2552599 101.2586544,14.2552124 101.2587964,14.255127 101.2588062,14.2550083 101.258767,14.2547899 101.2586838,14.2545953 101.2585466,14.2544909 101.2583997,14.2544624 101.2582478,14.2544576 101.2581793,14.2543674 101.2582038,14.2542725 101.2582821,14.2541491 101.2583213,14.2540446 101.2583458,14.2538832 101.2583654,14.2537693 101.2584878,14.2536174 101.2585172,14.2534987 101.2584878,14.2534132 101.2583899,14.2533753 101.2582576,14.2533658 101.2581646,14.253399 101.2581107,14.2532518 101.2580666,14.2531189 101.2579833,14.252986 101.2579393,14.2528056 101.2579687,14.2525445 101.2583213,14.2522312 101.2584927,14.252084 101.2587474,14.2520413 101.2589972,14.2519749 101.2590707,14.2518609 101.2590266,14.2516568 101.2588895,14.2515144 101.2588552,14.251315 101.2589189,14.2511678 101.2589091,14.2510539 101.2589042,14.2510444 101.2587915,14.2507406 101.2587229,14.2505507 101.2587327,14.2503655 101.2588258,14.2501614 101.2589189,14.2500237 101.2589433,14.2500237 101.2592862,14.250038 101.2594282,14.2500522 101.2594527,14.2499573 101.2594038,14.2498244 101.2593842,14.2495585 101.2594968,14.2494493 101.2596731,14.2494208 101.2598152,14.2494256 101.260016,14.2494398 101.2601629,14.2494019 101.2603442,14.2494113 101.2605107,14.2494303 101.2606429,14.2494398 101.2606772,14.2493734 101.2606576,14.2492974 101.2606086,14.2492499 101.2605891,14.249136 101.260638,14.2490743 101.260736,14.2490648 101.2608535,14.2490648 101.260938,14.2489796 101.2608736,14.2487872 101.2606966,14.2485168 101.2605625,14.2482517 101.2603372,14.2479865 101.2602138,14.2478929 101.2602138,14.2477317 101.2602406,14.2474561 101.2603103,14.2471754 101.2602674,14.2470506 101.2600368,14.2470714 101.2599402,14.2469518 101.2598705,14.2467646 101.2597149,14.2465722 101.2595164,14.2465618 101.2593179,14.2464943 101.2591248,14.2463591 101.2588459,14.2462915 101.2586474,14.2462863 101.258583,14.2461199 101.2585562,14.2460471 101.2583899,14.2459951 101.2582719,14.2459847 101.2581109,14.2454284 101.2579822,14.2452048 101.257773,14.2450696 101.2576979,14.244924 101.2576925,14.2447108 101.2576496,14.2445133 101.2575906,14.2440765 101.2573653,14.2437853 101.2572419,14.2435774 101.2573653,14.2433642 101.2574565,14.2431614 101.2575155,14.2429846 101.2574726,14.2426674 101.2574243,14.2424907 101.2575316,14.2419811 101.2576174,14.2417367 101.2576228,14.2417315 101.2579124,14.2414819 101.2580519,14.2413104 101.2580841,14.2411284 101.2580036,14.2410556 101.2578695,14.2409048 101.2578803,14.2407124 101.2578803,14.2407072 101.2581431,14.24065 101.2583201,14.240676 101.2586366,14.2404784 101.2588619,14.240468 101.2592965,14.240624 101.2592857,14.2408112 101.2591033,14.2409568 101.2590282,14.2410972 101.2591463,14.2414091 101.2592696,14.2414559 101.2593447,14.2415755 101.2593823,14.2417211 101.2594735,14.2418563 101.2596291,14.2418771 101.259672,14.2417367 101.2596827,14.2415183 101.2597954,14.2414611 101.2598973,14.2415443 101.2601601,14.2415599 101.2603211,14.2414767 101.2604176,14.2415651 101.2604337,14.2417679 101.260364,14.2418667 101.2603908,14.2419707 101.2604927,14.2419863 101.2606107,14.2419499 101.2608521,14.2420435 101.2610828,14.2422099 101.2612008,14.2422983 101.2613403,14.2423971 101.2615388,14.2424023 101.2615978,14.2422983 101.2617534,14.2422203 101.2618607,14.2422723 101.2621021,14.2422463 101.2621181,14.2421527 101.2621879,14.2420435 101.2622469,14.2419863 101.2623864,14.2420123 101.2624937,14.2420643 101.2625258,14.2420643 101.2627512,14.2417731 101.2627672,14.2415963 101.2629121,14.2415339 101.2631535,14.2415131 101.2632769,14.2415079 101.2633251,14.2413727 101.2632339,14.2412584 101.2632232,14.2411076 101.2632125,14.240884 101.2633305,14.2408372 101.2635987,14.240858 101.2637865,14.2407124 101.2638777,14.240572 101.263883,14.240572 101.2642264,14.24039 101.2642586,14.2402236 101.26428,14.2400729 101.2644248,14.2396985 101.2645643,14.2394697 101.2648057,14.2391681 101.2648057,14.2391629 101.2648325,14.2387262 101.2649076,14.2386378 101.2651759,14.2387262 101.2652832,14.2388717 101.2655782,14.2388301 101.2655836,14.2388301 101.2658411,14.2386274 101.2659752,14.2384402 101.2661039,14.2384506 101.2661844,14.2386066 101.2663399,14.238513 101.2665492,14.2383934 101.2667852,14.238227 101.2669354,14.2380762 101.2670105,14.2379514 101.2670159,14.2379462 101.2669247,14.2376758 101.2668978,14.237499 101.266989,14.2373951 101.2672197,14.2372599 101.2672519,14.2371247 101.2673592,14.2366827 101.2674236,14.2364539 101.2676113,14.2363083 101.2677562,14.2361367 101.2679707,14.2360379 101.2679815,14.2357676 101.2678688,14.2355908 101.2677132,14.2355024 101.2676596,14.235336 101.2678527,14.2351384 101.2681156,14.2349616 101.2681209,14.234738 101.2679922,14.2346288 101.2677132,14.2344468 101.2674718,14.2342856 101.2672412,14.2341348 101.2669729,14.2338229 101.2667584,14.2336565 101.2664452,14.2334795</coordinates></LineString></MultiGeometry>
  </Placemark>
  <Placemark id="nayoknam2.28">
	<Style><LineStyle><color>ff0000ff</color></LineStyle><PolyStyle><fill>0</fill></PolyStyle></Style>
	<ExtendedData><SchemaData schemaUrl="#nayoknam2">
		<SimpleData name="tessellate">-1</SimpleData>
		<SimpleData name="extrude">0</SimpleData>
		<SimpleData name="visibility">-1</SimpleData>
		<SimpleData name="_id">way/292736024</SimpleData>
		<SimpleData name="waterway">stream</SimpleData>
	</SchemaData></ExtendedData>
      <MultiGeometry><LineString><coordinates>101.2681424,14.2429066 101.2681048,14.2426726 101.2680995,14.2424283 101.2680834,14.2422359 101.2680405,14.2420591 101.267901,14.2418719 101.2676006,14.2418459 101.2674772,14.2416951 101.2672519,14.2415391 101.2670856,14.2414403 101.2669461,14.2413883 101.2668335,14.2414247 101.2666082,14.2413364 101.2665331,14.2412688 101.2664258,14.24117 101.2662541,14.241118 101.2660932,14.2410348 101.2659376,14.2409048 101.2658303,14.2408216 101.2658142,14.2406292 101.2658679,14.2403276 101.265884,14.2401508 101.2658089,14.2399793 101.2655353,14.2396153 101.2653851,14.2393553 101.2652456,14.2391421 101.265251,14.2389965 101.2652832,14.2388717</coordinates></LineString></MultiGeometry>
  </Placemark>
  <Placemark id="nayoknam2.29">
	<Style><LineStyle><color>ff0000ff</color></LineStyle><PolyStyle><fill>0</fill></PolyStyle></Style>
	<ExtendedData><SchemaData schemaUrl="#nayoknam2">
		<SimpleData name="tessellate">-1</SimpleData>
		<SimpleData name="extrude">0</SimpleData>
		<SimpleData name="visibility">-1</SimpleData>
		<SimpleData name="_id">way/292736027</SimpleData>
		<SimpleData name="waterway">river</SimpleData>
	</SchemaData></ExtendedData>
      <MultiGeometry><LineString><coordinates>101.236129,14.234938 101.236196,14.2348064 101.2364535,14.2347336 101.2367754,14.2347128 101.237226,14.2344632 101.2373547,14.2339849 101.2377356,14.2334025 101.2380092,14.2330541 101.2385563,14.2328773 101.2389855,14.2328357 101.239361,14.2329813 101.2397687,14.2332621 101.2401871,14.2334597 101.2406109,14.2334233 101.2411795,14.2331321 101.2412868,14.2328461 101.24148,14.2325705 101.2419467,14.2325809 101.2423812,14.2324197 101.2426172,14.2324509 101.2430088,14.2328253 101.2432717,14.2330957 101.2433253,14.2333661 101.2432985,14.2336885 101.243159,14.2339745 101.2429391,14.2342448 101.2427889,14.2345204 101.2429337,14.2347856 101.2431751,14.2348896 101.2438135,14.2349312 101.2441353,14.2350248 101.2442641,14.2351756 101.2443928,14.2355136 101.2445806,14.2357008 101.2449132,14.2358411 101.2453477,14.2358515 101.2455945,14.2359191 101.2458037,14.2363923 101.2459324,14.2365483 101.2463079,14.2366107 101.2464742,14.2364339 101.2465922,14.2361687 101.2467264,14.2358307 101.247118,14.2353316 101.2474666,14.23464 101.2473754,14.2341564 101.2474184,14.2340005 101.2476383,14.2339381 101.2477992,14.2338705 101.2478636,14.2336417 101.2481372,14.2336209 101.2486146,14.2337353 101.249135,14.2337301 101.2495051,14.2337925 101.2497572,14.2339589 101.2501435,14.2341044 101.2503312,14.2342604 101.2503312,14.23438 101.2500898,14.234562 101.2499182,14.2347336 101.2499021,14.2350612 101.2499665,14.2352952 101.2501971,14.2352848 101.2504063,14.2353836 101.2505136,14.2355396 101.2504922,14.2357892 101.2505029,14.2359659 101.2507282,14.2360439 101.2510393,14.2359659 101.2511747,14.235804 101.251384,14.2355284 101.2519365,14.2353984 101.2524729,14.2352528 101.2531167,14.2350656 101.2536102,14.234816 101.2541144,14.2348264 101.2543183,14.2351384 101.2546509,14.2356064 101.2548655,14.2360535 101.254962,14.2365943 101.2550371,14.2369583 101.2549298,14.2372911 101.2549942,14.2375822 101.2551122,14.2378838 101.255198,14.238227 101.2551551,14.2384974 101.2550478,14.2387782 101.2550693,14.2390589 101.2552732,14.2391733 101.2555414,14.2392357 101.2557452,14.2395477 101.2558203,14.2397869 101.2557774,14.2400989 101.2555521,14.2403172 101.255241,14.2404732 101.2549298,14.2406292 101.2547367,14.2408476 101.2549298,14.2411492 101.2555079,14.2416314 101.2558713,14.2415638 101.2563246,14.2414923 101.2569254,14.2417731 101.2569468,14.2421163 101.2571507,14.242553 101.2574243,14.2424907</coordinates></LineString></MultiGeometry>
  </Placemark>
  <Placemark id="nayoknam2.30">
	<Style><LineStyle><color>ff0000ff</color></LineStyle><PolyStyle><fill>0</fill></PolyStyle></Style>
	<ExtendedData><SchemaData schemaUrl="#nayoknam2">
		<SimpleData name="tessellate">-1</SimpleData>
		<SimpleData name="extrude">0</SimpleData>
		<SimpleData name="visibility">-1</SimpleData>
		<SimpleData name="_id">way/292736029</SimpleData>
		<SimpleData name="waterway">stream</SimpleData>
	</SchemaData></ExtendedData>
      <MultiGeometry><LineString><coordinates>101.2557345,14.2490888 101.2558525,14.2489484 101.2558471,14.2487352 101.2557399,14.2485012 101.2556218,14.2482569 101.2555789,14.2478513 101.255477,14.2475549 101.2554663,14.2472066 101.2554555,14.2468166 101.2554609,14.2464371 101.255477,14.2462135 101.2554394,14.2459951 101.255477,14.2457403 101.2554985,14.2455999 101.255359,14.2453764 101.2551337,14.2453296 101.2548815,14.2452256 101.2548118,14.2450592 101.2548386,14.2449136 101.2547582,14.2446848 101.2546455,14.2442377 101.2546455,14.2441077 101.2547957,14.2439933 101.2549191,14.2438113 101.2552732,14.2434942 101.2556433,14.243359 101.2560885,14.2432654 101.2565928,14.243203 101.2571131,14.2430782 101.2575155,14.2429846</coordinates></LineString></MultiGeometry>
  </Placemark>
  <Placemark id="nayoknam2.31">
	<Style><LineStyle><color>ff0000ff</color></LineStyle><PolyStyle><fill>0</fill></PolyStyle></Style>
	<ExtendedData><SchemaData schemaUrl="#nayoknam2">
		<SimpleData name="tessellate">-1</SimpleData>
		<SimpleData name="extrude">0</SimpleData>
		<SimpleData name="visibility">-1</SimpleData>
		<SimpleData name="_id">way/292736030</SimpleData>
		<SimpleData name="waterway">stream</SimpleData>
	</SchemaData></ExtendedData>
      <MultiGeometry><LineString><coordinates>101.2635504,14.2584215 101.2626439,14.2584007 101.2622201,14.2583123 101.2616675,14.2581823 101.2613296,14.2581303 101.2609165,14.2579691 101.2607073,14.2578028 101.2604552,14.2576624 101.2601119,14.2574908 101.259908,14.2573556 101.2596398,14.2571893 101.2594949,14.2570385 101.2594306,14.2568773 101.2594306,14.2565965 101.2593769,14.2563366 101.2592643,14.2561442 101.2591148,14.2560384</coordinates></LineString></MultiGeometry>
  </Placemark>
  <Placemark id="nayoknam2.32">
	<Style><LineStyle><color>ff0000ff</color></LineStyle><PolyStyle><fill>0</fill></PolyStyle></Style>
	<ExtendedData><SchemaData schemaUrl="#nayoknam2">
		<SimpleData name="tessellate">-1</SimpleData>
		<SimpleData name="extrude">0</SimpleData>
		<SimpleData name="visibility">-1</SimpleData>
		<SimpleData name="_id">way/292736031</SimpleData>
		<SimpleData name="waterway">stream</SimpleData>
	</SchemaData></ExtendedData>
      <MultiGeometry><LineString><coordinates>101.2441956,14.275001 101.2440615,14.2747462 101.2441152,14.2746215 101.2441044,14.2744707 101.2439811,14.2742628 101.2438469,14.2741016 101.2437236,14.2739404 101.2436109,14.2738573 101.2435519,14.2739092 101.2434446,14.273904 101.2433534,14.2738313 101.2432944,14.2737169 101.2432944,14.2735713 101.243289,14.273353 101.2432676,14.2731242 101.2432998,14.2729735 101.2433588,14.2727707 101.2434124,14.2726355 101.243332,14.27236 101.2432676,14.27223 101.2432354,14.2720065 101.24323,14.2718349 101.2431442,14.2716373 101.2430959,14.2714346 101.2430476,14.2712422 101.2429779,14.2710031 101.2429082,14.2707275 101.2427902,14.2706236 101.242715,14.27053 101.2426507,14.2702129 101.2426453,14.2700985 101.2427204,14.2699737 101.2429833,14.2699061 101.2431764,14.2698281 101.2433588,14.2696878 101.2434553,14.2694902 101.2434553,14.2693914 101.243568,14.2692043 101.2436967,14.2690795 101.2440508,14.2691159 101.2442225,14.2691107 101.2443297,14.2689443 101.2444585,14.2688351 101.2445926,14.2687676 101.2447213,14.2687624 101.2448715,14.2685908 101.2449627,14.2684244 101.2449735,14.2682165 101.244952,14.2680189 101.2450271,14.2679201 101.2451398,14.2678473 101.2451703,14.2677109</coordinates></LineString></MultiGeometry>
  </Placemark>
  <Placemark id="nayoknam2.33">
	<Style><LineStyle><color>ff0000ff</color></LineStyle><PolyStyle><fill>0</fill></PolyStyle></Style>
	<ExtendedData><SchemaData schemaUrl="#nayoknam2">
		<SimpleData name="tessellate">-1</SimpleData>
		<SimpleData name="extrude">0</SimpleData>
		<SimpleData name="visibility">-1</SimpleData>
		<SimpleData name="_id">way/292736917</SimpleData>
		<SimpleData name="waterway">stream</SimpleData>
	</SchemaData></ExtendedData>
      <MultiGeometry><LineString><coordinates>101.2282848,14.2777719 101.2283009,14.277486 101.2284028,14.2771585 101.228435,14.2770493 101.2283867,14.2768258 101.2283009,14.2766698 101.2283223,14.276519 101.2284832,14.2763163 101.2287193,14.2762279 101.2288749,14.2762019 101.2289875,14.2760303 101.2291699,14.2757704 101.2293255,14.2755936 101.2295293,14.2754533 101.2297546,14.2753805 101.2298633,14.2752528</coordinates></LineString></MultiGeometry>
  </Placemark>
  <Placemark id="nayoknam2.34">
	<Style><LineStyle><color>ff0000ff</color></LineStyle><PolyStyle><fill>0</fill></PolyStyle></Style>
	<ExtendedData><SchemaData schemaUrl="#nayoknam2">
		<SimpleData name="tessellate">-1</SimpleData>
		<SimpleData name="extrude">0</SimpleData>
		<SimpleData name="visibility">-1</SimpleData>
		<SimpleData name="_id">way/292736919</SimpleData>
		<SimpleData name="waterway">stream</SimpleData>
	</SchemaData></ExtendedData>
      <MultiGeometry><LineString><coordinates>101.2212949,14.2954105 101.2212252,14.2951662 101.2212252,14.294953 101.2212842,14.2947139 101.2214022,14.2945476 101.2215041,14.2942772 101.2214854,14.293864 101.2215605,14.2935937 101.2217992,14.2932948 101.2219011,14.2932064 101.2220459,14.2930608 101.2221961,14.2929205 101.2223142,14.2928061 101.2224054,14.2926138 101.2224805,14.2924526 101.2225395,14.2922915 101.2226897,14.2921303 101.2226736,14.2919744 101.2225556,14.2918548 101.2224912,14.2917768 101.2224536,14.2916469 101.2224107,14.2913454 101.2223839,14.2911634 101.2223249,14.2909867 101.2222605,14.2907839 101.2222552,14.2904512 101.2221479,14.2900977 101.222121,14.2899262 101.222223,14.2896611 101.2223034,14.2894947 101.2222498,14.2892608 101.2220835,14.2890321 101.2220138,14.2889489 101.2219011,14.2887669 101.2218367,14.2886682 101.2216704,14.2884654 101.2216007,14.2883147 101.2216061,14.2881587 101.2216651,14.2880496 101.2217294,14.28793 101.2217348,14.2877844 101.2216865,14.2876701 101.2216383,14.2875713 101.2216597,14.2873686 101.2216597,14.2871918 101.2216812,14.2870618 101.2218636,14.2869423 101.2220942,14.2868539 101.2222605,14.2867915 101.2224215,14.2866979 101.2225234,14.2865524 101.2225931,14.286386 101.2226789,14.2862145 101.2227487,14.2860169 101.2227809,14.2858454 101.2228667,14.2855855 101.2230545,14.2853983 101.2232261,14.2852216 101.2233441,14.2850032 101.2234675,14.2847485 101.2235802,14.2845561 101.2236445,14.2843586 101.2235802,14.284187 101.2235319,14.2840103 101.2235265,14.2839115 101.2235265,14.2837712 101.2235802,14.2835996 101.2236606,14.2834592 101.2236821,14.2833137 101.2236553,14.2829602 101.2236553,14.282773 101.2236553,14.2826119 101.2236928,14.2824455 101.223784,14.282248 101.2238752,14.282118 101.2239396,14.2819413 101.2240469,14.2818425 101.2242293,14.2817177 101.2243258,14.2815774 101.2243473,14.2814318 101.2245189,14.281203 101.2246531,14.2810315 101.224814,14.2809067 101.224873,14.280782 101.2250447,14.2804181 101.2252861,14.2802881 101.2254363,14.2800126 101.2255221,14.2797578 101.2255489,14.2794927 101.2256079,14.27916 101.2255918,14.2789676 101.2255114,14.2787701 101.2254255,14.2786401 101.2254524,14.2784789 101.2256508,14.278167 101.2258225,14.2779331 101.2259298,14.2778239 101.2259727,14.2774028 101.2259512,14.2772676 101.2259673,14.2771273 101.2261122,14.2768881 101.2262409,14.2767114 101.2264609,14.2765086 101.2266647,14.2763891 101.2269168,14.2763943 101.2270939,14.2764462 101.2272709,14.2763683 101.227523,14.2762903 101.2277215,14.2762279 101.2278234,14.2763007 101.2278556,14.276467 101.227861,14.2765866 101.2279522,14.276701 101.228156,14.2767374 101.2283009,14.2766698</coordinates></LineString></MultiGeometry>
  </Placemark>
  <Placemark id="nayoknam2.35">
	<Style><LineStyle><color>ff0000ff</color></LineStyle><PolyStyle><fill>0</fill></PolyStyle></Style>
	<ExtendedData><SchemaData schemaUrl="#nayoknam2">
		<SimpleData name="tessellate">-1</SimpleData>
		<SimpleData name="extrude">0</SimpleData>
		<SimpleData name="visibility">-1</SimpleData>
		<SimpleData name="_id">way/292736924</SimpleData>
		<SimpleData name="waterway">stream</SimpleData>
	</SchemaData></ExtendedData>
      <MultiGeometry><LineString><coordinates>101.2203401,14.3078653 101.2202113,14.307673 101.2202596,14.3073975 101.2203776,14.3071064 101.2204742,14.3068725 101.2205332,14.306649 101.2206244,14.3063527 101.2206941,14.3062175 101.2208711,14.3061032 101.2210643,14.3059992 101.2212037,14.305864 101.2214022,14.3057029 101.2215471,14.3056561 101.2216329,14.3056769 101.221767,14.3056665 101.2218421,14.3055054 101.2219118,14.305365 101.2219977,14.3051571 101.222003,14.3049856 101.2220084,14.3047517 101.2220245,14.3045645 101.2220513,14.3042474 101.2220513,14.3041595 101.2220513,14.3038524 101.2220084,14.3036185 101.2219065,14.3033897 101.2219256,14.3033288 101.2219977,14.3030987 101.2220138,14.3028128 101.2221747,14.302241 101.2223678,14.3018823 101.2224375,14.3015496 101.2225341,14.3013001 101.2225663,14.301035 101.2226629,14.3007439 101.2227326,14.3005568 101.2229096,14.300328 101.2232047,14.2996107 101.2233763,14.2994131 101.2234246,14.2991792 101.22343,14.2989453 101.22343,14.2987374 101.2233441,14.2985814 101.2233334,14.2984463 101.2234729,14.2981448 101.223607,14.2977653 101.2237572,14.2974898 101.223945,14.2972871 101.2240576,14.2971519 101.2240683,14.2968816 101.2240361,14.2966165 101.224004,14.2964138 101.2239396,14.2961798 101.2239342,14.2960083 101.2241005,14.2958783 101.224417,14.295816 101.2246477,14.2957744 101.2248569,14.2956912 101.2248301,14.2952753 101.2247121,14.295083 101.2246477,14.2948387 101.2246423,14.2945995 101.2248086,14.2945216 101.2249642,14.2944332 101.224932,14.2941785 101.2247657,14.2940381 101.2246584,14.2939238 101.2246209,14.2938198 101.2246852,14.2935963 101.2248784,14.2932428 101.2249535,14.2930764 101.2248998,14.2928997 101.2247925,14.2927801 101.2247282,14.2926346 101.224637,14.2924994 101.2233871,14.29199 101.2232798,14.291964 101.2231564,14.292016 101.2230813,14.2920835 101.2229257,14.2920523 101.2227755,14.2920264 101.2226736,14.2919744</coordinates></LineString></MultiGeometry>
  </Placemark>
  <Placemark id="nayoknam2.36">
	<Style><LineStyle><color>ff0000ff</color></LineStyle><PolyStyle><fill>0</fill></PolyStyle></Style>
	<ExtendedData><SchemaData schemaUrl="#nayoknam2">
		<SimpleData name="tessellate">-1</SimpleData>
		<SimpleData name="extrude">0</SimpleData>
		<SimpleData name="visibility">-1</SimpleData>
		<SimpleData name="_id">way/292737232</SimpleData>
		<SimpleData name="waterway">stream</SimpleData>
		<SimpleData name="width">10</SimpleData>
	</SchemaData></ExtendedData>
      <MultiGeometry><LineString><coordinates>101.2105071,14.2933987 101.2105822,14.2934819 101.2106036,14.2936638 101.2105446,14.2937834 101.2103569,14.293877 101.2101262,14.293877 101.2099009,14.2937886 101.2098043,14.2936067 101.2097829,14.2933935 101.2098848,14.2932168 101.2100779,14.293196 101.2102657,14.2932064 101.2104105,14.2931492 101.2104266,14.2929829 101.2104244,14.2928503</coordinates></LineString></MultiGeometry>
  </Placemark>
  <Placemark id="nayoknam2.37">
	<Style><LineStyle><color>ff0000ff</color></LineStyle><PolyStyle><fill>0</fill></PolyStyle></Style>
	<ExtendedData><SchemaData schemaUrl="#nayoknam2">
		<SimpleData name="tessellate">-1</SimpleData>
		<SimpleData name="extrude">0</SimpleData>
		<SimpleData name="visibility">-1</SimpleData>
		<SimpleData name="_id">way/292743790</SimpleData>
		<SimpleData name="waterway">river</SimpleData>
	</SchemaData></ExtendedData>
      <MultiGeometry><LineString><coordinates>101.2421586,14.263337 101.2422766,14.2628067 101.242341,14.2625155 101.2423303,14.2621516 101.2421371,14.2616629 101.2418689,14.2615693 101.241472,14.2615277 101.2411501,14.2614445 101.2410643,14.2612574 101.2410428,14.260987 101.2410643,14.2607166 101.2411823,14.2603839 101.2411823,14.2599472 101.2411823,14.2592817 101.2411286,14.2587098 101.2410428,14.2582211 101.2408926,14.2577739 101.2408068,14.2573164 101.2407853,14.257046 101.2408819,14.2569005 101.2409677,14.2567133 101.2409677,14.2563182 101.2409677,14.2560478 101.2410428,14.2557774 101.2412359,14.2555175 101.2414934,14.2552367 101.2416973,14.2550184 101.2417616,14.2548416 101.2417402,14.254644 101.2417509,14.2542177 101.2418475,14.2539369 101.2419226,14.2536873 101.2420513,14.2534794 101.242223,14.2533962 101.2423517,14.2531362 101.2424054,14.2527931 101.2424805,14.2524707 101.2426092,14.2522523 101.2427916,14.252086 101.2430169,14.2517844 101.2431886,14.2515452 101.243371,14.2511709 101.2435426,14.2508381 101.2437572,14.2506613 101.2438752,14.250495 101.2438538,14.2502766 101.2437894,14.2499646 101.243725,14.2495175 101.2436606,14.2491535 101.2436499,14.2487792 101.2437679,14.2484568 101.2439396,14.2482176 101.2441542,14.2479369 101.2443044,14.2476977 101.2444331,14.2474481 101.2445726,14.247105 101.2445726,14.2468658 101.2443258,14.2464186 101.2439396,14.2457739 101.2438645,14.2455867 101.2440469,14.2454827 101.2456455,14.2443285 101.2456884,14.2441933 101.2441434,14.2424046 101.2440362,14.242259 101.244004,14.2421447 101.244004,14.2419887 101.2441005,14.2416559 101.2441864,14.2413543 101.2442185,14.2411255 101.2442185,14.2407928 101.24424,14.2404496 101.2443473,14.240044 101.2445189,14.2398776 101.2448086,14.2396385 101.2450768,14.2394097 101.2451412,14.2390769 101.2450017,14.2389417 101.2446906,14.2388793 101.2442829,14.2388897 101.2439181,14.2387545 101.2436285,14.2386089 101.2434139,14.2386089 101.2431671,14.2385673 101.2427809,14.2384218 101.2423946,14.2383074 101.2422552,14.2383074 101.2419333,14.2379226 101.2417187,14.2375482 101.24159,14.2374858 101.2413861,14.2374858 101.241193,14.2375898 101.2410428,14.2376834 101.2409892,14.2375586 101.2409892,14.2374026 101.2408175,14.2368931 101.2407209,14.2366643 101.2406029,14.2364459 101.24056,14.2362691 101.2404849,14.2360819 101.2403347,14.2360403 101.2402274,14.2360923 101.2400128,14.2361339 101.2398304,14.2360819 101.2393155,14.2361235 101.2389507,14.2363627 101.2387039,14.2364771 101.2385537,14.2364771 101.2382319,14.2366435 101.2378349,14.2367267 101.2375667,14.2366123 101.2373521,14.2364979 101.2371161,14.2362587 101.236762,14.2360091 101.2364616,14.2357699 101.2363007,14.2355827 101.236247,14.235354 101.236129,14.234938</coordinates></LineString></MultiGeometry>
  </Placemark>
  <Placemark id="nayoknam2.38">
	<Style><LineStyle><color>ff0000ff</color></LineStyle><PolyStyle><fill>0</fill></PolyStyle></Style>
	<ExtendedData><SchemaData schemaUrl="#nayoknam2">
		<SimpleData name="tessellate">-1</SimpleData>
		<SimpleData name="extrude">0</SimpleData>
		<SimpleData name="visibility">-1</SimpleData>
		<SimpleData name="_id">way/292755650</SimpleData>
		<SimpleData name="waterway">stream</SimpleData>
	</SchemaData></ExtendedData>
      <MultiGeometry><LineString><coordinates>101.2234674,14.3048561 101.2220513,14.3041595</coordinates></LineString></MultiGeometry>
  </Placemark>
  <Placemark id="nayoknam2.39">
	<name>คลองแม่น้ำใน</name>
	<Style><LineStyle><color>ff0000ff</color></LineStyle><PolyStyle><fill>0</fill></PolyStyle></Style>
	<ExtendedData><SchemaData schemaUrl="#nayoknam2">
		<SimpleData name="tessellate">-1</SimpleData>
		<SimpleData name="extrude">0</SimpleData>
		<SimpleData name="visibility">-1</SimpleData>
		<SimpleData name="_id">way/295961068</SimpleData>
		<SimpleData name="waterway">river</SimpleData>
		<SimpleData name="name_en">Khlong Maenam Nai</SimpleData>
		<SimpleData name="source">Bing</SimpleData>
	</SchemaData></ExtendedData>
      <MultiGeometry><LineString><coordinates>100.9450659,14.2363465 100.9452635,14.2352355 100.9453763,14.2344448 100.9452476,14.2336649 100.9448935,14.232313 100.9444751,14.2318866 100.9439601,14.2316786 100.9433807,14.2315122 100.9430911,14.2312522 100.9429623,14.2308466 100.9429623,14.2300666 100.9424903,14.2286939 100.9420182,14.2276643 100.9415568,14.2269987 100.9409024,14.225626 100.9406771,14.2252516 100.9401514,14.2248876 100.9396686,14.2244196 100.9394111,14.2237228 100.9392394,14.222454 100.9391429,14.2194796 100.939336,14.2177635 100.9395935,14.2166299 100.939808,14.2158603 100.9402694,14.2152051 100.9410526,14.2144562 100.9417237,14.2139362 100.9422435,14.2136866 100.9425224,14.213333 100.9426405,14.2128546 100.9425332,14.2121994 100.9424473,14.2100673 100.9425761,14.2085592 100.9425761,14.2071447 100.9427156,14.2061982 100.9429301,14.2054702 100.9432305,14.2048565 100.9436275,14.2044093 100.9442605,14.2038684 100.9451939,14.2032964 100.9463526,14.2027139 100.9472753,14.2022251 100.9483053,14.2017883 100.9488417,14.201601 100.949185,14.2012266 100.9494104,14.200613 100.9495557,14.199448 100.9496142,14.1945595 100.9495284,14.1937794 100.9496249,14.192552 100.949979,14.1901285 100.9500434,14.1884747 100.9499039,14.1854062 100.9496464,14.1835547 100.9492709,14.1819112 100.9490027,14.1813287 100.9484984,14.1807774 100.9469749,14.179654 100.9456719,14.1789258 100.9443463,14.1782913 100.9435739,14.1777504 100.9431554,14.1773031 100.9426512,14.1764294 100.9419275,14.1751291 100.9418371,14.1748825 100.9408595,14.1722165 100.9405435,14.1713219 100.9399904,14.1702712 100.9393467,14.1684716 100.9386386,14.1673169 100.9385483,14.1668729 100.9384884,14.1665783 100.9379412,14.1651636 100.9376837,14.1641545 100.9376945,14.1634055 100.9378956,14.1628032 100.9379793,14.1625525 100.9383528,14.1616617 100.9386815,14.1608777 100.9390141,14.1603055 100.9392609,14.1599934 100.9397115,14.1596918 100.9401621,14.1593589 100.9406556,14.1588075 100.9407571,14.1587706 100.9409989,14.1586827 100.9415783,14.1582978 100.9421791,14.1575279 100.9423264,14.1572953 100.9428443,14.1564772 100.9432842,14.1561339 100.9439065,14.1559675 100.9452261,14.155697 100.9477688,14.1549272 100.9493138,14.1547191 100.9510411,14.1546255 100.951878,14.1545423 100.9524144,14.1543238 100.9529723,14.1537412 100.9537555,14.1521495</coordinates></LineString></MultiGeometry>
  </Placemark>
  <Placemark id="nayoknam2.40">
	<Style><LineStyle><color>ff0000ff</color></LineStyle><PolyStyle><fill>0</fill></PolyStyle></Style>
	<ExtendedData><SchemaData schemaUrl="#nayoknam2">
		<SimpleData name="tessellate">-1</SimpleData>
		<SimpleData name="extrude">0</SimpleData>
		<SimpleData name="visibility">-1</SimpleData>
		<SimpleData name="_id">way/307306421</SimpleData>
		<SimpleData name="waterway">river</SimpleData>
	</SchemaData></ExtendedData>
      <MultiGeometry><LineString><coordinates>101.3065312,14.3235796 101.3062635,14.3230442 101.306134,14.3224418 101.3061168,14.321806 101.3061772,14.3211033 101.3062635,14.3199822 101.306488,14.3191121 101.3069111,14.3183341 101.3071356,14.3177652 101.3071097,14.3174389 101.306773,14.317213 101.3065139,14.3169955 101.3062549,14.3163346 101.3059009,14.3159916 101.3055728,14.3156486 101.3052447,14.3148119 101.3052573,14.3145715 101.3052706,14.3143183 101.3055555,14.3139753 101.3058923,14.3138749 101.3064276,14.3138833 101.306773,14.3138916 101.3070838,14.3137578 101.3072219,14.3134901 101.3071701,14.3130801 101.3071615,14.312461 101.307481,14.3117164 101.3076796,14.3107375 101.3078436,14.3097336 101.3080148,14.3093107 101.3082198,14.3090348 101.3081044,14.3085519 101.3078183,14.308121 101.3077004,14.3074057 101.3082843,14.3068951 101.3083749,14.3066149 101.3083149,14.3061897 101.3081883,14.3058617 101.3079149,14.3055756 101.3073774,14.3049814 101.307032,14.3042451 101.3068485,14.3038848</coordinates></LineString></MultiGeometry>
  </Placemark>
  <Placemark id="nayoknam2.41">
	<Style><LineStyle><color>ff0000ff</color></LineStyle><PolyStyle><fill>0</fill></PolyStyle></Style>
	<ExtendedData><SchemaData schemaUrl="#nayoknam2">
		<SimpleData name="tessellate">-1</SimpleData>
		<SimpleData name="extrude">0</SimpleData>
		<SimpleData name="visibility">-1</SimpleData>
		<SimpleData name="_id">way/307306423</SimpleData>
		<SimpleData name="waterway">river</SimpleData>
	</SchemaData></ExtendedData>
      <MultiGeometry><LineString><coordinates>101.4250445,14.3285352 101.4250272,14.3276651 101.4249629,14.3264429 101.4244228,14.3254566 101.4236457,14.3247873 101.423214,14.3241849 101.4231449,14.3236997 101.423473,14.3231978 101.4245437,14.3229635 101.4265296,14.3221604 101.4279111,14.3219261 101.4287054,14.3213907 101.4301905,14.3211899 101.4312957,14.3209055 101.4315202,14.3201525 101.4314512,14.3193327 101.4309849,14.318747 101.4305532,14.317626 101.4303287,14.3165049 101.4305359,14.3156683 101.4323491,14.3145807 101.4334198,14.314062 101.4348358,14.3138946 101.435492,14.3134596 101.4354575,14.3129911 101.4349567,14.3128907 101.4341796,14.3124556 101.4338515,14.3113847 101.4340069,14.3102135 101.4343178,14.3087075 101.4342487,14.307737 101.4335579,14.3067163 101.4331953,14.3060971 101.4333334,14.305478 101.4334371,14.3047919 101.4331262,14.3044405 101.4322801,14.3044907 101.4314857,14.3044907 101.4309158,14.3040724 101.4306395,14.3034031 101.4302942,14.3030015 101.4298106,14.3025831</coordinates></LineString></MultiGeometry>
  </Placemark>
  <Placemark id="nayoknam2.42">
	<Style><LineStyle><color>ff0000ff</color></LineStyle><PolyStyle><fill>0</fill></PolyStyle></Style>
	<ExtendedData><SchemaData schemaUrl="#nayoknam2">
		<SimpleData name="tessellate">-1</SimpleData>
		<SimpleData name="extrude">0</SimpleData>
		<SimpleData name="visibility">-1</SimpleData>
		<SimpleData name="_id">way/307306424</SimpleData>
		<SimpleData name="waterway">river</SimpleData>
	</SchemaData></ExtendedData>
      <MultiGeometry><LineString><coordinates>101.4515001,14.2909531 101.4520872,14.2914552 101.4524671,14.2923755 101.4521217,14.2928943 101.4517246,14.2930114 101.4512583,14.2928608 101.4506366,14.2921245 101.4501358,14.2918568 101.4499114,14.2920911 101.4499804,14.2926433 101.4494796,14.2928274 101.4491688,14.293229 101.449117,14.2937477 101.4494624,14.2942832 101.4494278,14.2948522 101.4489098,14.2953375 101.4487025,14.2958897 101.4490134,14.2962411 101.4497559,14.2962244 101.4507402,14.296308 101.4510165,14.2966594 101.4507402,14.2969774 101.4497041,14.2972451 101.4486853,14.2976635 101.4485644,14.2983328 101.4488234,14.2990524 101.4495314,14.2997385 101.4500322,14.3000564 101.4497559,14.3003074 101.4490825,14.3002405 101.4485471,14.2997552 101.4478909,14.2995711 101.4473729,14.2998221 101.4472347,14.3002907 101.447701,14.3010437 101.4481327,14.3015959 101.4479427,14.3019807 101.4471311,14.3019473 101.4465958,14.3021983 101.4462849,14.3027839 101.4459568,14.3028676 101.4455597,14.3025999 101.4448516,14.3023823 101.4445926,14.3019807 101.4448862,14.3016293 101.4456287,14.3012445 101.4458532,14.3009433 101.4458014,14.3003911 101.4452834,14.3000731 101.4444027,14.3002907 101.4437982,14.3003074 101.4434701,14.3002572 101.4432111,14.2998556</coordinates></LineString></MultiGeometry>
  </Placemark>
  <Placemark id="nayoknam2.43">
	<Style><LineStyle><color>ff0000ff</color></LineStyle><PolyStyle><fill>0</fill></PolyStyle></Style>
	<ExtendedData><SchemaData schemaUrl="#nayoknam2">
		<SimpleData name="tessellate">-1</SimpleData>
		<SimpleData name="extrude">0</SimpleData>
		<SimpleData name="visibility">-1</SimpleData>
		<SimpleData name="_id">way/307306425</SimpleData>
		<SimpleData name="waterway">river</SimpleData>
	</SchemaData></ExtendedData>
      <MultiGeometry><LineString><coordinates>101.4414743,14.3706291 101.4432553,14.3699484 101.444575,14.3690754 101.4452402,14.3685973 101.4457551,14.3679425 101.446077,14.3676099 101.4461092,14.3673293 101.4463238,14.367111 101.4466564,14.3672046 101.4470426,14.3673397 101.4471499,14.3671318 101.4471928,14.3664147 101.4472679,14.3660301 101.4474825,14.3657703 101.447858,14.3658223 101.4482871,14.365843 101.4486626,14.3654585 101.4487699,14.3648349 101.4491991,14.3646686 101.449757,14.3641801 101.4503578,14.3633694 101.4512483,14.3629537 101.4523856,14.3625275 101.4530829,14.3621742 101.4538339,14.361509 101.4542095,14.3607814 101.4543597,14.3603137 101.4546815,14.3599915 101.4551536,14.3598772 101.4560655,14.359503 101.4566556,14.3592224 101.456838,14.3588378 101.4568166,14.3584221 101.4566771,14.3577984 101.4570526,14.3575178 101.4574067,14.357549 101.4581684,14.3575906 101.4586512,14.3572476 101.4587692,14.3570189 101.4591018,14.3568734 101.4604966,14.3554494 101.4609901,14.3548154 101.4611403,14.354566 101.4620093,14.3545036 101.4624707,14.3543061 101.4631144,14.3537968 101.4636079,14.3531004 101.4639834,14.3518116 101.464477,14.3505435 101.4644861,14.349482 101.4645552,14.3480265 101.4644861,14.3469725 101.4641062,14.3465208 101.4633982,14.3464204 101.4630701,14.3457512 101.4632082,14.344898 101.4634672,14.3438941 101.4630873,14.3423215 101.4630528,14.3405146 101.4633118,14.339059 101.4637263,14.3380384 101.4637608,14.3368506 101.4635191,14.3358802 101.4626729,14.3353448 101.4616886,14.3344748 101.4615677,14.3334374 101.4619821,14.3323499 101.4618095,14.3307437 101.4615159,14.3292546 101.461136,14.3284682 101.4603762,14.3275982 101.4596336,14.3266947 101.4594609,14.3258079 101.4593746,14.3247538 101.4590119,14.3235659 101.4582348,14.3226456 101.457665,14.321625 101.4574059,14.3203031 101.4573541,14.3186466 101.4571815,14.3174252 101.4568706,14.3167224 101.4563008,14.3163878 101.4554546,14.3165551 101.4542285,14.3167726 101.4530888,14.3167726 101.4523808,14.3165216 101.4513792,14.3159695 101.4504985,14.315685 101.4496178,14.3148986 101.4489098,14.3142293 101.4482363,14.3138277 101.4473383,14.3131082 101.446613,14.3126397 101.4460604,14.3123218 101.445905,14.3116023 101.4458014,14.3108493 101.4454215,14.3100127 101.4448171,14.3094605 101.4446099,14.3085234 101.4446099,14.3075696 101.4451452,14.3073019 101.4463885,14.3066995 101.4463885,14.3061641 101.4459914,14.3055449 101.4450243,14.3049927 101.4445063,14.3047083 101.4437637,14.3050095 101.443142,14.3048589 101.4431766,14.3042397 101.4435047,14.3034868 101.4436774,14.3028509 101.4436256,14.3020811 101.4431938,14.3013783 101.4428139,14.3007425 101.4427794,14.3002739 101.4432111,14.2998556</coordinates></LineString></MultiGeometry>
  </Placemark>
  <Placemark id="nayoknam2.44">
	<name>แม่น้ำนครนายก</name>
	<Style><LineStyle><color>ff0000ff</color></LineStyle><PolyStyle><fill>0</fill></PolyStyle></Style>
	<ExtendedData><SchemaData schemaUrl="#nayoknam2">
		<SimpleData name="tessellate">-1</SimpleData>
		<SimpleData name="extrude">0</SimpleData>
		<SimpleData name="visibility">-1</SimpleData>
		<SimpleData name="_id">way/307306427</SimpleData>
		<SimpleData name="waterway">river</SimpleData>
		<SimpleData name="width">15</SimpleData>
		<SimpleData name="name_en">Nakhon Nayok River</SimpleData>
		<SimpleData name="name_th">แม่น้ำนครนายก</SimpleData>
		<SimpleData name="source">LandSat;Wikipedia</SimpleData>
	</SchemaData></ExtendedData>
      <MultiGeometry><LineString><coordinates>101.3124429,14.3113652 101.3124004,14.3111218 101.3125126,14.3107119 101.3127544,14.3102852 101.3127889,14.3099171 101.3125385,14.3091976 101.3124809,14.3089863 101.312314,14.3088043 101.3117701,14.3084015 101.3112277,14.3078352 101.3109397,14.3073536 101.3107846,14.3069585 101.3108203,14.3066374 101.3107685,14.3060852 101.3101753,14.3052194 101.3098118,14.3052042 101.3093524,14.3049976 101.3087679,14.3044174 101.3084439,14.3041518 101.3079451,14.3039768 101.3073579,14.3038011 101.3068485,14.3038848 101.3059419,14.3039685 101.3050785,14.3039434 101.3047417,14.3037509 101.3040941,14.3031067 101.3038658,14.3029254 101.3033775,14.3025378 101.3027386,14.3015505 101.3021428,14.3004126 101.3019615,14.2991659 101.3020987,14.2964072 101.3018301,14.2952831 101.3013416,14.2944311 101.3006334,14.2938513 101.3001753,14.2935835 101.2999252,14.2934372 101.299217,14.293236 101.2982157,14.2934253 101.2975441,14.2934372 101.2970068,14.2929283 101.2966527,14.2922775 101.2963718,14.2909168 101.2961398,14.2903133 101.2953461,14.2901595 101.2939175,14.2901121 101.2931848,14.289911 101.2911701,14.2888697 101.290474,14.2885738 101.2900467,14.2878402 101.2891553,14.2872604 101.2885569,14.2870237 101.2878121,14.286929 101.2872138,14.2866569 101.2870428,14.2861717 101.286994,14.2850002 101.2867742,14.2843139 101.2861881,14.2840299 101.2856996,14.2837222 101.2844053,14.2820064 101.2839791,14.2814904 101.2831627,14.2809335 101.2826377,14.2805075 101.2821981,14.2799572 101.28196,14.2795017 101.2819265,14.278977 101.2822103,14.2786141 101.2827048,14.2778864 101.2829857,14.2776438 101.2834375,14.2775195 101.2838221,14.2773361 101.2841598,14.277094</coordinates></LineString></MultiGeometry>
  </Placemark>
  <Placemark id="nayoknam2.45">
	<Style><LineStyle><color>ff0000ff</color></LineStyle><PolyStyle><fill>0</fill></PolyStyle></Style>
	<ExtendedData><SchemaData schemaUrl="#nayoknam2">
		<SimpleData name="tessellate">-1</SimpleData>
		<SimpleData name="extrude">0</SimpleData>
		<SimpleData name="visibility">-1</SimpleData>
		<SimpleData name="_id">way/376528764</SimpleData>
		<SimpleData name="waterway">river</SimpleData>
	</SchemaData></ExtendedData>
      <MultiGeometry><LineString><coordinates>101.0683451,14.18362 101.0689348,14.1838826 101.0693691,14.1840177 101.0696,14.1841894 101.0697931,14.1844027 101.0698353,14.1846516 101.0698306,14.1852851</coordinates></LineString></MultiGeometry>
  </Placemark>
  <Placemark id="nayoknam2.46">
	<Style><LineStyle><color>ff0000ff</color></LineStyle><PolyStyle><fill>0</fill></PolyStyle></Style>
	<ExtendedData><SchemaData schemaUrl="#nayoknam2">
		<SimpleData name="tessellate">-1</SimpleData>
		<SimpleData name="extrude">0</SimpleData>
		<SimpleData name="visibility">-1</SimpleData>
		<SimpleData name="_id">way/376528766</SimpleData>
		<SimpleData name="waterway">river</SimpleData>
	</SchemaData></ExtendedData>
      <MultiGeometry><LineString><coordinates>101.1152787,14.1987076 101.1138889,14.2003891 101.1130162,14.2013709 101.112219,14.2013082 101.1117881,14.2013918 101.1108723,14.2012665 101.110269,14.2010471 101.109795,14.200316 101.109601,14.199658 101.1090085,14.1985196 101.1085775,14.1977467 101.108319,14.197684 101.1078449,14.1980078 101.1069938,14.1982898 101.106606,14.1980809 101.1063474,14.1975378 101.1061966,14.1969529 101.1059811,14.1964725 101.1058195,14.1962636 101.1054101,14.1962322 101.104322,14.1962322 101.1038264,14.1961905 101.1030076,14.1957831 101.1023612,14.1957309 101.1007559,14.1961591 101.1001311,14.1966918 101.0997648,14.1973185 101.0993338,14.1973603 101.0982888,14.197026 101.0976532,14.1964516 101.0974377,14.1957622 101.0975239,14.1949267 101.09747,14.1943104 101.0972976,14.194018 101.0968882,14.1939031 101.095423,14.1937673 101.093904,14.1931406 101.0919755,14.1929631 101.0905534,14.1932033 101.0896915,14.193078 101.0889481,14.1929004 101.0885064,14.1930571 101.088334,14.1932451 101.0880647,14.1935062 101.0875368,14.1937255 101.0860285,14.1943731 101.085673,14.1947491 101.0852528,14.194864 101.0849835,14.1947387 101.0848865,14.1942687 101.0850158,14.193642 101.0850697,14.1932346 101.0848973,14.1929109 101.0845418,14.1927855 101.084197,14.1930362 101.0842186,14.193736 101.0840354,14.194394 101.083389,14.1955951 101.0824301,14.1971827 101.0819022,14.1973707 101.0814713,14.1970365 101.0815359,14.1963367 101.0814067,14.1958458 101.080771,14.1947805 101.0804263,14.1936002 101.0800169,14.1925035 101.0795644,14.1920544 101.0787887,14.1919499 101.0776036,14.1923677 101.0771511,14.1922946 101.0766232,14.1915844 101.0762461,14.1909159 101.0756759,14.1904883 101.0746323,14.189779 101.0743634,14.1887881 101.0740191,14.1881519 101.0733656,14.1872897 101.0719406,14.1867496 101.07043,14.186386 101.0700335,14.1858667 101.0698306,14.1852851</coordinates></LineString></MultiGeometry>
  </Placemark>
  <Placemark id="nayoknam2.47">
	<Style><LineStyle><color>ff0000ff</color></LineStyle><PolyStyle><fill>0</fill></PolyStyle></Style>
	<ExtendedData><SchemaData schemaUrl="#nayoknam2">
		<SimpleData name="tessellate">-1</SimpleData>
		<SimpleData name="extrude">0</SimpleData>
		<SimpleData name="visibility">-1</SimpleData>
		<SimpleData name="_id">way/376528770</SimpleData>
		<SimpleData name="waterway">river</SimpleData>
	</SchemaData></ExtendedData>
      <MultiGeometry><LineString><coordinates>101.1152837,14.1980624 101.1153269,14.198528 101.1152787,14.1987076</coordinates></LineString></MultiGeometry>
  </Placemark>
  <Placemark id="nayoknam2.48">
	<name>คลองแม่น้ำใน</name>
	<Style><LineStyle><color>ff0000ff</color></LineStyle><PolyStyle><fill>0</fill></PolyStyle></Style>
	<ExtendedData><SchemaData schemaUrl="#nayoknam2">
		<SimpleData name="tessellate">-1</SimpleData>
		<SimpleData name="extrude">0</SimpleData>
		<SimpleData name="visibility">-1</SimpleData>
		<SimpleData name="_id">way/376532958</SimpleData>
		<SimpleData name="waterway">river</SimpleData>
		<SimpleData name="name_en">Khlong Maenam Nai</SimpleData>
	</SchemaData></ExtendedData>
      <MultiGeometry><LineString><coordinates>100.9537555,14.1521495 100.9547185,14.1499802 100.9556235,14.1487482 100.9567896,14.1485288 100.9583735,14.1494739 100.9597833,14.1499296 100.9606883,14.1501321 100.9617849,14.1511278 100.9636646,14.1527649 100.9657706,14.155212 100.9668323,14.1564102 100.9675981,14.1563764 100.9701044,14.155617 100.9720886,14.1545538 100.9731154,14.1539969 100.9752911,14.1519886 100.9762831,14.1509422 100.9779714,14.1493558 100.9790331,14.1486807 100.9804081,14.1481913 100.9807214,14.1471787 100.9815916,14.1462504 100.9835855,14.1462131</coordinates></LineString></MultiGeometry>
  </Placemark>
  <Placemark id="nayoknam2.49">
	<Style><LineStyle><color>ff0000ff</color></LineStyle><PolyStyle><fill>0</fill></PolyStyle></Style>
	<ExtendedData><SchemaData schemaUrl="#nayoknam2">
		<SimpleData name="tessellate">-1</SimpleData>
		<SimpleData name="extrude">0</SimpleData>
		<SimpleData name="visibility">-1</SimpleData>
		<SimpleData name="_id">way/377961556</SimpleData>
		<SimpleData name="waterway">river</SimpleData>
	</SchemaData></ExtendedData>
      <MultiGeometry><LineString><coordinates>101.2930796,14.3322669 101.2936477,14.3321393 101.2947345,14.3320515 101.2956566,14.3321233 101.2966363,14.3319398 101.297402,14.3313256 101.2979453,14.3306875 101.2985052,14.3302248 101.2989909,14.3298978 101.2996084,14.3293793 101.300053,14.3288289 101.3003878,14.3284571 101.3009871,14.3276775 101.3013343,14.3270367 101.3017048,14.3266698 101.3026403,14.3263248 101.3031572,14.3262764 101.3040479,14.3255182 101.3054215,14.3251633 101.305946,14.3251229 101.3064538,14.3248729 101.3065953,14.3241389 101.3065312,14.3235796</coordinates></LineString></MultiGeometry>
  </Placemark>
  <Placemark id="nayoknam2.50">
	<Style><LineStyle><color>ff0000ff</color></LineStyle><PolyStyle><fill>0</fill></PolyStyle></Style>
	<ExtendedData><SchemaData schemaUrl="#nayoknam2">
		<SimpleData name="tessellate">-1</SimpleData>
		<SimpleData name="extrude">0</SimpleData>
		<SimpleData name="visibility">-1</SimpleData>
		<SimpleData name="_id">way/453460085</SimpleData>
		<SimpleData name="waterway">river</SimpleData>
	</SchemaData></ExtendedData>
      <MultiGeometry><LineString><coordinates>101.272902,14.35477 101.2731461,14.3546167 101.2738649,14.3539099 101.2741761,14.3530368 101.2748091,14.3514985 101.2756352,14.3498562 101.2775771,14.3477462 101.2792508,14.345553 101.2801091,14.3439211 101.2806778,14.3422372 101.2810318,14.3417279 101.2814824,14.3415824 101.2827913,14.3405221 101.2833278,14.3402623 101.283596,14.3398153 101.2840037,14.339701 101.2844436,14.3397529 101.2857954,14.3391812 101.2876515,14.3375908 101.2888746,14.336884 101.2901084,14.3359901 101.290795,14.334961 101.2930796,14.3322669</coordinates></LineString></MultiGeometry>
  </Placemark>
  <Placemark id="nayoknam2.51">
	<Style><LineStyle><color>ff0000ff</color></LineStyle><PolyStyle><fill>0</fill></PolyStyle></Style>
	<ExtendedData><SchemaData schemaUrl="#nayoknam2">
		<SimpleData name="tessellate">-1</SimpleData>
		<SimpleData name="extrude">0</SimpleData>
		<SimpleData name="visibility">-1</SimpleData>
		<SimpleData name="_id">way/453466669</SimpleData>
		<SimpleData name="waterway">river</SimpleData>
	</SchemaData></ExtendedData>
      <MultiGeometry><LineString><coordinates>101.296761,14.2959606 101.2964006,14.2956727 101.2963519,14.2953753 101.2965711,14.2950496 101.2968195,14.2949175 101.2973114,14.2948703 101.2976621,14.2947381 101.2979154,14.2944172 101.2978764,14.2941104 101.2976524,14.2939357 101.2975647,14.29378 101.2975441,14.2934372</coordinates></LineString></MultiGeometry>
  </Placemark>
  <Placemark id="nayoknam2.52">
	<Style><LineStyle><color>ff0000ff</color></LineStyle><PolyStyle><fill>0</fill></PolyStyle></Style>
	<ExtendedData><SchemaData schemaUrl="#nayoknam2">
		<SimpleData name="tessellate">-1</SimpleData>
		<SimpleData name="extrude">0</SimpleData>
		<SimpleData name="visibility">-1</SimpleData>
		<SimpleData name="_id">way/453466670</SimpleData>
		<SimpleData name="waterway">river</SimpleData>
	</SchemaData></ExtendedData>
      <MultiGeometry><LineString><coordinates>101.3001753,14.2935835 101.2993523,14.2941387 101.2987678,14.2942661 101.2982222,14.2942331 101.2978764,14.2941104</coordinates></LineString></MultiGeometry>
  </Placemark>
  <Placemark id="nayoknam2.53">
	<Style><LineStyle><color>ff0000ff</color></LineStyle><PolyStyle><fill>0</fill></PolyStyle></Style>
	<ExtendedData><SchemaData schemaUrl="#nayoknam2">
		<SimpleData name="tessellate">-1</SimpleData>
		<SimpleData name="extrude">0</SimpleData>
		<SimpleData name="visibility">-1</SimpleData>
		<SimpleData name="_id">way/453466671</SimpleData>
		<SimpleData name="waterway">river</SimpleData>
	</SchemaData></ExtendedData>
      <MultiGeometry><LineString><coordinates>101.299217,14.293236 101.2986216,14.292902 101.2983245,14.2920713 101.2977108,14.2912217 101.2973893,14.2906553 101.2970971,14.2903627 101.2969698,14.2903576 101.2967756,14.2901408 101.296386,14.2901408 101.2961398,14.2903133</coordinates></LineString></MultiGeometry>
  </Placemark>
  <Placemark id="nayoknam2.54">
	<Style><LineStyle><color>ff0000ff</color></LineStyle><PolyStyle><fill>0</fill></PolyStyle></Style>
	<ExtendedData><SchemaData schemaUrl="#nayoknam2">
		<SimpleData name="tessellate">-1</SimpleData>
		<SimpleData name="extrude">0</SimpleData>
		<SimpleData name="visibility">-1</SimpleData>
		<SimpleData name="_id">way/453466672</SimpleData>
		<SimpleData name="waterway">river</SimpleData>
	</SchemaData></ExtendedData>
      <MultiGeometry><LineString><coordinates>101.2969698,14.2903576 101.2966782,14.2898739 101.2972718,14.2880413 101.29717,14.2875564 101.2966188,14.2868907 101.2962881,14.2864387 101.2957962,14.2862826 101.2948549,14.2862661 101.294575,14.28611 101.2941086,14.2854361 101.2935828,14.284491 101.2931503,14.2835459 101.2930994,14.2825186 101.2928959,14.281894 101.2923022,14.2817461 101.2915644,14.2820995 101.2913779,14.282609 101.2914966,14.2835294 101.2912676,14.2841705 101.2907757,14.2843759 101.2893765,14.2840143 101.2889524,14.2834144 101.2880705,14.2827487 101.2869426,14.2820666 101.2851362,14.2810886 101.284568,14.2802421 101.284585,14.2794696 101.2854839,14.2790586 101.2862472,14.2788367 101.2869595,14.278056 101.2871037,14.2775629 101.286773,14.2768725 101.2860691,14.2761328 101.2849581,14.2757794 101.2843984,14.2754425 101.2840422,14.2749987 101.2837709,14.2740453 101.2836802,14.2738655 101.2834657,14.2737408</coordinates></LineString></MultiGeometry>
  </Placemark>
  <Placemark id="nayoknam2.55">
	<Style><LineStyle><color>ff0000ff</color></LineStyle><PolyStyle><fill>0</fill></PolyStyle></Style>
	<ExtendedData><SchemaData schemaUrl="#nayoknam2">
		<SimpleData name="tessellate">-1</SimpleData>
		<SimpleData name="extrude">0</SimpleData>
		<SimpleData name="visibility">-1</SimpleData>
		<SimpleData name="_id">way/453471080</SimpleData>
		<SimpleData name="waterway">river</SimpleData>
	</SchemaData></ExtendedData>
      <MultiGeometry><LineString><coordinates>101.3080148,14.3093107 101.3085269,14.3092277 101.3093452,14.308548 101.3095887,14.3080572 101.3094328,14.3074436 101.3095595,14.3068962 101.3093744,14.3058861 101.3093524,14.3049976</coordinates></LineString></MultiGeometry>
  </Placemark>
  <Placemark id="nayoknam2.56">
	<name>แม่น้ำนครนายก</name>
	<Style><LineStyle><color>ff0000ff</color></LineStyle><PolyStyle><fill>0</fill></PolyStyle></Style>
	<ExtendedData><SchemaData schemaUrl="#nayoknam2">
		<SimpleData name="tessellate">-1</SimpleData>
		<SimpleData name="extrude">0</SimpleData>
		<SimpleData name="visibility">-1</SimpleData>
		<SimpleData name="_id">way/453471081</SimpleData>
		<SimpleData name="waterway">river</SimpleData>
		<SimpleData name="name_en">Nakhon Nayok River</SimpleData>
		<SimpleData name="name_th">แม่น้ำนครนายก</SimpleData>
	</SchemaData></ExtendedData>
      <MultiGeometry><LineString><coordinates>101.3124004,14.3111218 101.3120241,14.3101905 101.3115175,14.3097468 101.3112935,14.3091144 101.3109915,14.3080666 101.310407,14.3069245 101.3100855,14.3061693 101.3098118,14.3052042</coordinates></LineString></MultiGeometry>
  </Placemark>
  <Placemark id="nayoknam2.57">
	<name>แม่น้ำนครนายก</name>
	<Style><LineStyle><color>ff0000ff</color></LineStyle><PolyStyle><fill>0</fill></PolyStyle></Style>
	<ExtendedData><SchemaData schemaUrl="#nayoknam2">
		<SimpleData name="tessellate">-1</SimpleData>
		<SimpleData name="extrude">0</SimpleData>
		<SimpleData name="visibility">-1</SimpleData>
		<SimpleData name="_id">way/453471082</SimpleData>
		<SimpleData name="waterway">river</SimpleData>
		<SimpleData name="name_en">Nakhon Nayok River</SimpleData>
		<SimpleData name="name_th">แม่น้ำนครนายก</SimpleData>
	</SchemaData></ExtendedData>
      <MultiGeometry><LineString><coordinates>101.3073579,14.3038011 101.3060429,14.3035099 101.3048726,14.3030826 101.3038658,14.3029254</coordinates></LineString></MultiGeometry>
  </Placemark>
  <Placemark id="nayoknam2.58">
	<name>แม่น้ำนครนายก</name>
	<Style><LineStyle><color>ff0000ff</color></LineStyle><PolyStyle><fill>0</fill></PolyStyle></Style>
	<ExtendedData><SchemaData schemaUrl="#nayoknam2">
		<SimpleData name="tessellate">-1</SimpleData>
		<SimpleData name="extrude">0</SimpleData>
		<SimpleData name="visibility">-1</SimpleData>
		<SimpleData name="_id">way/739475778</SimpleData>
		<SimpleData name="waterway">river</SimpleData>
		<SimpleData name="width">20</SimpleData>
		<SimpleData name="name_en">Nakhon Nayok River</SimpleData>
		<SimpleData name="name_th">แม่น้ำนครนายก</SimpleData>
		<SimpleData name="source">Bing; Wikipedia</SimpleData>
	</SchemaData></ExtendedData>
      <MultiGeometry><LineString><coordinates>101.2841598,14.277094 101.2843288,14.2769094 101.2843964,14.2767841 101.2844146,14.2765834 101.2843535,14.2763682 101.2842,14.2761816 101.2838996,14.2759456 101.2834565,14.2756544 101.2831486,14.275329 101.282977,14.2750098 101.2829126,14.2747883 101.2829126,14.2746147 101.2830875,14.2743719 101.2832795,14.2741192 101.2834657,14.2737408 101.2835778,14.2733254 101.2836282,14.2731174 101.2836067,14.2729095 101.2835166,14.2727083 101.2833203,14.2724384 101.2826551,14.2717314 101.2825124,14.2715234 101.2824834,14.2713498 101.2825151,14.2709958 101.2825795,14.2705866 101.2826122,14.2702684 101.2825478,14.269839 101.2823976,14.2692702 101.2820291,14.2685143 101.2815393,14.2677386 101.2812679,14.2674059 101.2810243,14.2672187 101.2807883,14.2671007 101.2806123,14.2669687 101.280445,14.266782 101.2799616,14.2661088 101.2795319,14.2655036 101.2793152,14.2650487 101.2792294,14.2647856 101.2791677,14.2644518 101.2791146,14.2640921 101.2790604,14.2636132 101.2789933,14.2632051 101.2788356,14.2627684 101.2787788,14.2624632 101.2787788,14.2621861 101.2788571,14.2618534 101.2789606,14.2616106 101.2791108,14.2614161 101.2793039,14.2612705 101.2795684,14.2611458 101.2798441,14.2610839 101.280402,14.2610423 101.2807454,14.2609872 101.2810061,14.260903 101.2813285,14.260748 101.2815608,14.2605775 101.2818,14.2603066 101.2819078,14.2601215 101.2819502,14.2599271 101.2819786,14.2597035 101.281933,14.2594196 101.2818687,14.2592049 101.2817013,14.2588082 101.2815608,14.2585675 101.2813751,14.2583595 101.2812207,14.2582342 101.2809986,14.2581095 101.2807411,14.2579914 101.280269,14.2577975 101.2796569,14.2575095 101.279401,14.2573473 101.2790894,14.2570904 101.2788549,14.2567535 101.2786168,14.2563142 101.2785738,14.2561546 101.2786066,14.2559773 101.2787283,14.2558228 101.2788962,14.2557527 101.2791752,14.2556768 101.2794971,14.2555312 101.2799691,14.2552535 101.2803339,14.2550107 101.2807411,14.2547612 101.2808988,14.2545672 101.2809771,14.2543385 101.2809814,14.254131 101.280917,14.2539438 101.2807883,14.2537567 101.2806552,14.2536106 101.2805308,14.2534031 101.280445,14.2531811 101.280402,14.2530147 101.2803377,14.2528 101.2801792,14.2525945 101.2799903,14.2524661 101.2797114,14.2523829 101.279418,14.2523481 101.278698,14.2522883 101.277954,14.2522748 101.2776085,14.2522446 101.2769814,14.2521219 101.2765523,14.2520595 101.276209,14.2520668 101.2759086,14.2521011 101.2756511,14.2521708 101.2754579,14.2522675 101.2752906,14.2524177 101.2751189,14.2525841 101.2749285,14.2526418 101.274664,14.252621 101.2743207,14.2525586 101.2737102,14.2523621 101.2730402,14.2521146 101.2723798,14.2518214 101.2718531,14.2515531 101.2715146,14.2512874 101.2713021,14.2510332 101.2711798,14.2508111 101.27108,14.2505616 101.2709272,14.2503104 101.2707292,14.2501597 101.2704717,14.2500973 101.2702571,14.2500624 101.2700479,14.2499704 101.2698065,14.2498061 101.2696901,14.2496028 101.2696134,14.2493345 101.2695995,14.2490642 101.2696638,14.2487662 101.2697904,14.2485213 101.2700265,14.2482858 101.2702571,14.2481007 101.2704288,14.2480451 101.2706219,14.2480591 101.270815,14.2481631 101.271021,14.2483482 101.2714523,14.2486066 101.2718815,14.2487454 101.2721964,14.2487662 101.2725654,14.2487293 101.27289,14.2486207 101.2732381,14.2484106 101.2735386,14.2481402 101.2738105,14.2478283 101.2739629,14.2475392 101.2740632,14.247248 101.2741109,14.2469132 101.274149,14.2465409 101.2742129,14.2461249 101.2743389,14.2456237 101.2743985,14.2451682 101.2744033,14.244771 101.2743985,14.2444887 101.2743556,14.2442323 101.2742697,14.2439827 101.2741673,14.2437311 101.2740981,14.2434488 101.2740981,14.2431368 101.2741458,14.2427817 101.2742633,14.2424718 101.2744537,14.2421785 101.274664,14.2419799 101.2749612,14.2417833 101.2752621,14.2416242 101.2757557,14.2413882 101.2759729,14.2412728 101.276106,14.2411594 101.2761923,14.2409649 101.2762733,14.2405578 101.2762782,14.2402022 101.2762159,14.2397191 101.2761446,14.2392891 101.276128,14.2389475 101.2761564,14.2383303 101.2761231,14.2375145 101.2760416,14.2368676 101.2759633,14.2363752 101.2758699,14.2358485 101.2757154,14.2353306 101.2754794,14.2348314 101.275047,14.2342543 101.2746425,14.2338607 101.2742633,14.2335627 101.2738744,14.2332767 101.273376,14.2329595 101.2728589,14.2326247 101.2723246,14.232294 101.2717452,14.231982 101.2714496,14.2318551 101.2711154,14.2317948 101.2707153,14.2317948 101.2703719,14.2318572 101.2696134,14.2320444 101.2690249,14.2321879 101.2684761,14.2322732 101.2679612,14.2323007 101.2674033,14.2323148 101.2670009,14.2323543 101.266781,14.2324255 101.2666142,14.2325623 101.2665573,14.2327079 101.266545,14.2328971 101.2665664,14.2331051 101.266531,14.2333199 101.2664452,14.2334795 101.2663089,14.2335835 101.2661067,14.2336646 101.2659012,14.2336943 101.2656867,14.2336667 101.2655273,14.2335814 101.2653648,14.2333963 101.265176,14.2330989 101.2646862,14.2320725 101.2644405,14.2314672 101.2644142,14.2311781 101.2644544,14.2310096 101.2645644,14.2308453 101.2647291,14.2307621 101.2650081,14.2307413 101.2658277,14.2308016 101.2667166,14.2309285 101.2670868,14.2309264 101.2674247,14.2308869 101.2676876,14.2308432 101.2679258,14.2307621 101.2681189,14.2306373 101.268283,14.2304917 101.2685958,14.2301225 101.2690464,14.2294778 101.2694401,14.2288392 101.2695045,14.228652 101.2695142,14.2284461 101.2694712,14.2282381 101.2693854,14.228079 101.2692138,14.2278845 101.2688061,14.2275101 101.2685024,14.2272106 101.2682235,14.2267946 101.2678619,14.2261862 101.2677332,14.2259918 101.2675803,14.2258789 101.2673872,14.2258306 101.2672225,14.2258514 101.2669151,14.2259829 101.2665171,14.2261722 101.2661668,14.2263734 101.2657344,14.2266901 101.2654587,14.226831 101.265198,14.2268913 101.2649437,14.2269142 101.2647506,14.2268934 101.2644475,14.2267946 101.2639963,14.2265861 101.2633987,14.2261862 101.2632271,14.2259918 101.263167,14.2258165 101.2631809,14.2256226 101.2632668,14.2254427 101.2634202,14.2252014 101.2635961,14.2250059 101.2639824,14.2246866 101.2643429,14.224411 101.2647479,14.2241666 101.2653728,14.2238702 101.2656518,14.2237662 101.2657773,14.2236534 101.2658707,14.2234802 101.2658948,14.2232462 101.265809,14.2226919 101.2657344,14.2219826 101.2657419,14.2214418 101.2657639,14.2207414 101.2658664,14.2201818 101.2659951,14.2197658 101.2661668,14.2193639 101.2662097,14.2190519 101.2661786,14.2188626 101.2660643,14.2186962 101.2659211,14.218613 101.26553,14.2184762 101.2649051,14.2182802 101.2643429,14.218081 101.2638826,14.2179401 101.2635275,14.2177966 101.26327,14.217755 101.2630028,14.2177737 101.2627121,14.2178382 101.2623473,14.217991 101.2617894,14.2183238 101.2613602,14.2186286 101.2610073,14.2189385 101.2608238,14.2190238 101.2606141,14.2190498 101.2603732,14.2190238 101.2602015,14.2189614 101.2600368,14.2188231 101.2595363,14.2183374 101.2590401,14.2179266 101.2587923,14.217651 101.2586351,14.217367 101.258575,14.2171148 101.2585493,14.2167565 101.2585879,14.2165256 101.2586754,14.2162136 101.2588325,14.2159848 101.2593003,14.2153421 101.2596833,14.2148138 101.2597938,14.2145725 101.2598437,14.2143093 101.2598335,14.2140993 101.2597048,14.2138569 101.2595004,14.2137061 101.2591785,14.2135813 101.2588899,14.2134612 101.2585922,14.2133244 101.258339,14.2131424 101.2579914,14.2128325 101.2575263,14.21243 101.2573117,14.2123327 101.2571159,14.2123104 101.2568724,14.2123312 101.2563365,14.2124425 101.2556278,14.2126775 101.2551987,14.2128512 101.2548414,14.2130519 101.2545008,14.2132828 101.2541118,14.213572 101.2538404,14.2137113 101.2536044,14.2137872 101.2533748,14.2138408 101.2531677,14.2138288 101.2529703,14.2137477 101.2528056,14.2136021 101.2526769,14.2134149 101.2525267,14.2131305 101.2523695,14.2128533 101.2521833,14.212611 101.2519403,14.2124237 101.2516185,14.2121741 101.2513679,14.2120004 101.2510391,14.2118621 101.2506958,14.2117789 101.2501379,14.2117092 101.2494942,14.2116468 101.2490934,14.2115917 101.248829,14.2115012 101.2485785,14.2113764 101.2482711,14.2112173 101.2479707,14.2110228 101.2475844,14.2108907 101.246974,14.2108262 101.24654,14.2108143 101.2462396,14.2108491 101.2458506,14.2109302 101.2455577,14.211041 101.2453142,14.2112007 101.2451382,14.2113691 101.2450782,14.2115335 101.2451168,14.2117228 101.2452241,14.2118684 101.2454027,14.2119999 101.2458506,14.2122823 101.2462589,14.2124903 101.2466017,14.2126432 101.2469021,14.2127191 101.2472411,14.212742 101.2476273,14.2127628 101.2478821,14.2128231 101.2480967,14.2129479 101.2481826,14.2131216 101.248204,14.2133431 101.2481396,14.2135512 101.2480324,14.213676 101.2478607,14.2137384 101.2475914,14.213782 101.2473312,14.2138216 101.2471521,14.2138907 101.2469879,14.2140088 101.2468087,14.2141819 101.2466832,14.2143509 101.2464729,14.2146744 101.2463828,14.2148013 101.2461253,14.2150374 101.2457149,14.2152917 101.2453357,14.2154581 101.2449666,14.2155574 101.2445374,14.2156198 101.244148,14.2156385 101.2438148,14.2156198 101.2433787,14.2155158 101.2429496,14.2153702 101.2425247,14.2151185 101.2420768,14.2148153 101.2416192,14.2144269 101.241233,14.2140733 101.2408966,14.2137893 101.2405678,14.2135813 101.2402459,14.2134492 101.2398666,14.2133525 101.2394734,14.213262 101.2391301,14.2132069 101.2389155,14.2131372 101.2387439,14.213054 101.2386151,14.2129292 101.2385127,14.212768 101.2384649,14.2126172 101.2384649,14.2123884 101.2385127,14.2121367 101.2385937,14.2118268 101.2387487,14.2113879 101.2388345,14.2111174 101.238856,14.2108681 101.2388125,14.2106739 101.2387219,14.2105309 101.2385261,14.2103826 101.238135,14.210198 101.2376678,14.2100431 101.2373105,14.2099599 101.2370745,14.209925 101.2367456,14.2099183 101.2360445,14.2099526 101.2358009,14.2099526 101.2355864,14.2099318 101.2353707,14.2098871 101.2350531,14.2097742 101.2348144,14.2096681 101.2346524,14.2095802 101.2344711,14.2094742 101.2341348,14.2093145 101.2338944,14.2092266 101.2336225,14.209185 101.2333762,14.2091689 101.2331005,14.2091918 101.232843,14.2092474 101.2325683,14.2093286 101.2322819,14.2094118 101.2321134,14.2094554 101.2319847,14.2094762 101.2317701,14.209497 101.2314027,14.2094601 101.2310904,14.209393 101.2306586,14.2092453 101.2304226,14.2091829 101.230179,14.2091689 101.2298572,14.2091829 101.2294312,14.2092474 101.2290091,14.2093166 101.2286346,14.2093702 101.22842,14.2093702 101.2282296,14.2093514 101.2280579,14.209289 101.2277001,14.2090602 101.227543,14.208977 101.2273713,14.2089354 101.2272393,14.2089406 101.2270891,14.209003 101.226992,14.209081 101.2268992,14.2092334 101.2267989,14.2094762 101.2267319,14.2097103 101.2266847,14.2099755 101.2265988,14.2101694 101.2264459,14.2103551 101.2262383,14.2105007 101.2260382,14.2105631 101.2258237,14.2106037 101.2255329,14.210626 101.2252459,14.2105839 101.2249434,14.2104659 101.2246859,14.210341 101.2244745,14.2101694 101.2241494,14.2098559 101.2238592,14.2095251 101.2236162,14.2092339 101.2233989,14.2088782 101.2232729,14.2086515 101.2231844,14.2084414 101.2231441,14.2082771 101.2231055,14.2080321 101.2230985,14.2077201 101.22312,14.2074289 101.2231699,14.2071101 101.2233228,14.206627 101.2235207,14.2062292 101.2236924,14.2058755 101.2237922,14.2056472 101.2238351,14.2055016 101.2238136,14.205356 101.2237278,14.2052177 101.2235636,14.2051272 101.2229843,14.2049681 101.2224838,14.2047944 101.221847,14.2044688 101.2214323,14.2042608 101.2212178,14.2041849 101.2209597,14.2041776 101.2206239,14.20424 101.2201234,14.2043513 101.2198397,14.2043461 101.2196369,14.2042473 101.2194867,14.2040528 101.2193939,14.203824 101.2193794,14.2036232 101.2194389,14.2034173 101.2195725,14.2031999 101.2198182,14.2028068 101.2201089,14.2023054 101.2202377,14.2020693 101.2203761,14.2017594 101.220419,14.2015722 101.220419,14.2013922 101.2203546,14.2011842 101.2202473,14.2010105 101.2200591,14.2009081 101.219675,14.2007058 101.2193676,14.2004905 101.2191745,14.2002825 101.218917,14.1999912 101.2187239,14.1997624 101.2184234,14.1994239 101.2182942,14.1992912 101.21813,14.1992216 101.217894,14.1992216 101.2176719,14.199284 101.2174144,14.1994369 101.2171355,14.1996792 101.2167996,14.2000536 101.2163844,14.2005737 101.216084,14.2009897 101.2157911,14.2014338 101.215569,14.2017594 101.2154188,14.2019539 101.2152686,14.2020506 101.2150755,14.2020922 101.2148824,14.2020714 101.2146678,14.2019674 101.2137295,14.2012972</coordinates></LineString></MultiGeometry>
  </Placemark>
  <Placemark id="nayoknam2.59">
	<Style><LineStyle><color>ff0000ff</color></LineStyle><PolyStyle><fill>0</fill></PolyStyle></Style>
	<ExtendedData><SchemaData schemaUrl="#nayoknam2">
		<SimpleData name="tessellate">-1</SimpleData>
		<SimpleData name="extrude">0</SimpleData>
		<SimpleData name="visibility">-1</SimpleData>
		<SimpleData name="_id">way/739513487</SimpleData>
		<SimpleData name="waterway">river</SimpleData>
		<SimpleData name="source">Bing</SimpleData>
	</SchemaData></ExtendedData>
      <MultiGeometry><LineString><coordinates>101.1609511,14.1842484 101.160765,14.1840409 101.1606861,14.1838375 101.1606722,14.1835832 101.1606786,14.1832342 101.1607462,14.1828124 101.1611582,14.1815372</coordinates></LineString></MultiGeometry>
  </Placemark>
  <Placemark id="nayoknam2.60">
	<Style><LineStyle><color>ff0000ff</color></LineStyle><PolyStyle><fill>0</fill></PolyStyle></Style>
	<ExtendedData><SchemaData schemaUrl="#nayoknam2">
		<SimpleData name="tessellate">-1</SimpleData>
		<SimpleData name="extrude">0</SimpleData>
		<SimpleData name="visibility">-1</SimpleData>
		<SimpleData name="_id">way/739513497</SimpleData>
		<SimpleData name="waterway">river</SimpleData>
		<SimpleData name="source">Bing</SimpleData>
	</SchemaData></ExtendedData>
      <MultiGeometry><LineString><coordinates>101.1636119,14.1827714 101.1626859,14.1838222 101.1626463,14.1838672 101.162281,14.1842536 101.162002,14.1844128 101.161773,14.1844752 101.1615305,14.1844705 101.1613374,14.1844148</coordinates></LineString></MultiGeometry>
  </Placemark>
  <Placemark id="nayoknam2.61">
	<name>แม่น้ำนครนายก</name>
	<Style><LineStyle><color>ff0000ff</color></LineStyle><PolyStyle><fill>0</fill></PolyStyle></Style>
	<ExtendedData><SchemaData schemaUrl="#nayoknam2">
		<SimpleData name="tessellate">-1</SimpleData>
		<SimpleData name="extrude">0</SimpleData>
		<SimpleData name="visibility">-1</SimpleData>
		<SimpleData name="_id">way/740877454</SimpleData>
		<SimpleData name="waterway">river</SimpleData>
		<SimpleData name="name_en">Nakhon Nayok River</SimpleData>
		<SimpleData name="name_th">แม่น้ำนครนายก</SimpleData>
		<SimpleData name="source">Bing;Wikipedia</SimpleData>
	</SchemaData></ExtendedData>
      <MultiGeometry><LineString><coordinates>101.2066656,14.1997293 101.2054393,14.2002712 101.2045167,14.200745 101.2039657,14.2009577 101.2035795,14.2010341 101.2032576,14.2010409 101.2030001,14.2009717 101.2027931,14.2008422 101.2026997,14.2006665 101.2026783,14.2004725 101.2026928,14.2001672 101.2027357,14.1995572 101.2028145,14.1984916 101.202843,14.198205 101.2027426,14.1979554 101.2025855,14.1978306 101.2023494,14.1978098 101.2020919,14.1978883 101.2017057,14.1980964 101.2009692,14.1984776 101.2005684,14.1986695 101.2003753,14.1987043 101.2001822,14.1986856 101.2000819,14.1986419 101.1999891,14.1985171 101.1998603,14.1981863 101.1996957,14.1975836 101.1993663,14.1970011 101.199009,14.1965851 101.198773,14.1963635 101.1985584,14.1962314 101.1982151,14.196104 101.1978004,14.1959657 101.1975215,14.1958201 101.1971991,14.1955866 101.1965798,14.1952205 101.19647,14.1951544 101.1962555,14.1951128 101.195955,14.1951544 101.1955903,14.1953343 101.1952185,14.1956484 101.1949465,14.195896 101.1945818,14.1960697 101.1942315,14.196169 101.193938,14.196208 101.1936156,14.1961945 101.1932508,14.1961456 101.1927788,14.1960624 101.1923067,14.1959792 101.1917708,14.1959402 101.1911882,14.1959392 101.1903262,14.1959745 101.1895789,14.1960588 101.1887952,14.1960281 101.1874144,14.1959168 101.1870925,14.1958617 101.1868355,14.1957733 101.1866204,14.1956464 101.186084,14.1952584 101.185584,14.1949136 101.1852257,14.1946894 101.1846195,14.1943556 101.184067,14.1940888 101.1836453,14.1939291 101.183273,14.1938459 101.1829372,14.1938256 101.1825225,14.1938599 101.1822181,14.1938763 101.1819641,14.1938714 101.181535,14.193823 101.1808483,14.1936701 101.1800758,14.193485 101.1793677,14.1933997 101.1787025,14.193395 101.178238,14.1933742 101.177959,14.1932821 101.1777659,14.1931454 101.1775299,14.1928172 101.1773368,14.1924381 101.1771866,14.1920132 101.1768577,14.1908643 101.176693,14.1905362 101.1765144,14.1903282 101.1763282,14.1902195 101.1761705,14.1901987 101.1759774,14.1902403 101.1757628,14.1903443 101.1752913,14.1905986 101.1747329,14.19101 101.1741326,14.1913891 101.1739395,14.1914884 101.1737034,14.1915508 101.1735318,14.1915555 101.1733596,14.1914884 101.1732523,14.1913683 101.1732094,14.1911878 101.1732094,14.1908435 101.1732523,14.1901019 101.1732566,14.189574 101.1731879,14.189288 101.1730747,14.1890613 101.1728172,14.188784 101.1723237,14.1884512 101.1717218,14.1881574 101.1713361,14.1880533 101.170893,14.1879935 101.170628,14.1878734 101.1704204,14.187707 101.1702842,14.1874917 101.1701919,14.1872077 101.1700991,14.1866252 101.1700133,14.1864172 101.1698416,14.1862669 101.1696485,14.1862091 101.1693196,14.1862045 101.1682217,14.1863606 101.1670086,14.1865441 101.1661723,14.1867245 101.1659578,14.1867453 101.1657931,14.1867313 101.1656214,14.1866387 101.1654927,14.1865139 101.1653569,14.1862877 101.1650345,14.1854737 101.164563,14.1842484 101.1642551,14.1834839 101.1640625,14.1831807 101.1638694,14.1829726 101.1636119,14.1827714 101.1633619,14.1826335 101.1622236,14.1820432 101.1611582,14.1815372 101.1608288,14.1813708 101.1605499,14.1813198 101.1603144,14.1813156 101.1600784,14.1813572 101.1597779,14.181454 101.1594845,14.181507 101.1590478,14.1815419 101.1586047,14.1815486 101.1583473,14.1815211 101.1580678,14.1814618 101.1577824,14.1814404 101.157482,14.181454 101.1568163,14.181558 101.1563302,14.1816667 101.1560867,14.1817567 101.1558507,14.1818747 101.1555932,14.1820412 101.1553786,14.1821197 101.1551426,14.182166 101.1548711,14.1821681 101.1546351,14.1821311 101.1543706,14.1820573 101.1540454,14.1819239 101.1537944,14.1817694 101.1534977,14.1815375 101.1531544,14.1812535 101.1529613,14.181059 101.1528326,14.1808509 101.1527253,14.1805597 101.1526609,14.1802684 101.1526394,14.179998 101.1526829,14.1797083 101.1527682,14.1794155 101.1528969,14.1790894 101.1529398,14.1788538 101.1529398,14.1786457 101.1528969,14.1784585 101.1528111,14.178292 101.1526394,14.178084 101.1524962,14.1779384 101.1521743,14.1777719 101.1517881,14.1776055 101.1515446,14.1774666 101.1513305,14.1773351 101.1511374,14.1771338 101.1507796,14.1767593 101.1503435,14.1763365 101.1501074,14.1761908 101.1499427,14.1760941 101.1497711,14.1760452 101.1496284,14.1760468 101.1494846,14.1760941 101.149313,14.1762116 101.1482192,14.1771062 101.1477256,14.1775431 101.1473678,14.1778136 101.1470245,14.1780632 101.1465878,14.178292 101.1460943,14.1785001 101.1458159,14.1786322 101.1456013,14.1787497 101.1453723,14.1788954 101.1451893,14.1790779 101.1449839,14.1792891 101.1448229,14.1795153 101.1443632,14.1802492 101.1440419,14.1806985 101.1439131,14.180879 101.1437632,14.1810226 101.143624,14.1811071 101.1434486,14.1811791 101.1431766,14.1812602 101.1428403,14.1813991 101.1425972,14.1815239 101.1423827,14.1816904 101.1420608,14.1819889 101.1417888,14.1821896 101.1415464,14.1823296 101.141313,14.182425 101.1409659,14.182529 101.1405298,14.1826226 101.1402401,14.1826954 101.1399263,14.1827872 101.1396581,14.1828741 101.1394891,14.1829485 101.139193,14.1830821 101.138796,14.1832623 101.138442,14.1834254 101.1382301,14.1835068 101.1380166,14.1835814 101.1378234,14.1836334 101.1376196,14.1836646 101.1373584,14.1836888 101.1371116,14.1836854 101.1368471,14.1836472 101.1365459,14.1835624 101.1362321,14.183467 101.1360309,14.1834132 101.1358459,14.1834009 101.1356766,14.1834236 101.1355157,14.1834652 101.1352807,14.1835466 101.1350546,14.1836628 101.1347515,14.1837962 101.1345045,14.1838794 101.1342607,14.1839437 101.133979,14.1839972 101.133746,14.1840269 101.133507,14.1840562 101.1333139,14.1840979 101.1331317,14.1841707 101.1329088,14.1842869 101.1327195,14.1844185 101.1324156,14.1846473 101.1320838,14.1849542 101.1318443,14.1851726 101.1313178,14.1856459 101.1311354,14.1858123 101.1309763,14.1860308 101.1308669,14.1862281 101.1306925,14.1865732 101.1304986,14.1868904 101.1302695,14.1871887 101.13,14.1875041 101.1298404,14.1877192 101.1297411,14.1879186 101.1295521,14.1883204 101.129316,14.1887224 101.1291218,14.1889845 101.1289013,14.1892217 101.1284931,14.1895478 101.1278129,14.1900523 101.1273768,14.1903991 101.1269476,14.1907112 101.1264965,14.1910092 101.1260888,14.1912729 101.1257455,14.1915225 101.125488,14.1917378 101.1252519,14.192001 101.1249521,14.1923754 101.1248024,14.1926547 101.1247375,14.1928955 101.124738,14.1930843 101.1247809,14.193258 101.1248957,14.1935003 101.1251876,14.1940469 101.1253249,14.194374 101.1253818,14.1946861 101.1253807,14.195087 101.1253388,14.1959275 101.1252675,14.1966488 101.1252246,14.1968776 101.1251446,14.1970425 101.125002,14.1972089 101.1248303,14.1972921 101.1245943,14.1973337 101.1242799,14.1973197 101.1238652,14.1972297 101.1234785,14.19707 101.1232617,14.1969533 101.1230418,14.1968136 101.1228007,14.1966433 101.1226352,14.1965515 101.1223479,14.1964452 101.1221435,14.1963929 101.1219729,14.1963836 101.121841,14.1963958 101.1216623,14.1964304 101.1214869,14.1964894 101.121326,14.1965622 101.1211329,14.19668 101.1207069,14.1969868 101.1203778,14.1972502 101.1200881,14.1974965 101.1197958,14.1977516 101.1195624,14.1979333 101.1193701,14.1980496 101.1192011,14.1981309 101.1190448,14.1981744 101.1188873,14.1981884 101.1187336,14.198164 101.1185727,14.1980948 101.1181674,14.1978015 101.1179314,14.1976606 101.1177249,14.1975467 101.1174765,14.1974627 101.1172986,14.1974096 101.1171771,14.1973888 101.1170055,14.1973784 101.1168373,14.1974096 101.1166943,14.1974512 101.116512,14.1975448 101.116115,14.1977877 101.1159146,14.1979089 101.1157215,14.1979921 101.1155603,14.1980441 101.1154077,14.1980667 101.1152837,14.1980624 101.1151215,14.1979835 101.1150131,14.1978881 101.1149609,14.1978053 101.1149059,14.1976489 101.1148747,14.197498 101.1148737,14.1973576 101.1148962,14.1971826 101.1149498,14.1969366 101.115092,14.1964423 101.1152063,14.1960887 101.1153468,14.1957405 101.1154959,14.195423 101.1155603,14.1952566 101.1156821,14.1948821 101.1157438,14.1945548 101.1157832,14.1942183 101.1157859,14.1939772 101.1157545,14.1937435 101.1156974,14.1935734 101.115633,14.1934522 101.1155067,14.1932944 101.1151751,14.1929842 101.1149177,14.1927517 101.1145379,14.1924103 101.1142482,14.1921744 101.1141302,14.1920496 101.1140121,14.191904 101.1139263,14.1917758 101.1138547,14.1916026 101.1137552,14.1914065 101.1134757,14.1909125 101.113304,14.1906246 101.1131431,14.190382 101.1130036,14.1902192 101.1128427,14.1900528 101.1126818,14.1899176 101.1125106,14.1898221 101.1123604,14.1897805 101.1120278,14.1896765 101.1118846,14.1896071 101.1117666,14.1895101 101.1116808,14.1894094 101.1116196,14.1892794 101.1115767,14.1891026 101.1115445,14.1888634 101.1115051,14.1886241 101.1114335,14.1883641 101.1113629,14.1882063 101.1112484,14.1880432 101.1111508,14.1879168 101.1110542,14.187844 101.1109265,14.1877798 101.1107897,14.1877504 101.1104357,14.18774 101.1101031,14.1877644 101.1097536,14.1878144 101.1091742,14.1879254 101.1086056,14.188064 101.1083656,14.1881056 101.1080582,14.1881438 101.1076963,14.1881665 101.1073463,14.1881784 101.1070137,14.188168 101.1067884,14.188175 101.1066414,14.1881977 101.1065234,14.188246 101.1064129,14.1883207 101.1063338,14.1884125 101.1062665,14.1885321 101.1062198,14.1886951 101.1061085,14.1890678 101.1059985,14.1893088 101.1058722,14.1895462 101.1057732,14.1896661 101.1056683,14.1897368 101.1055372,14.1897665 101.1053931,14.1897543 101.1052475,14.1897041 101.1051437,14.1896141 101.1050651,14.1894856 101.1049712,14.1892758 101.1048862,14.1889656 101.1047245,14.1883917 101.1046038,14.1879704 101.1045203,14.1877364 101.1044536,14.1876446 101.1043677,14.1876063 101.1042628,14.1875837 101.1041459,14.1875959 101.1040244,14.1876654 101.1036095,14.1879774 101.1032975,14.1882289 101.1031009,14.1884057 101.1028756,14.1886486 101.1025859,14.1890022 101.1024647,14.1891564 101.1023606,14.1892482 101.1022324,14.1893054 101.1020852,14.1893244 101.1018891,14.1893158 101.1017384,14.1892794 101.1015635,14.1891876 101.101395,14.1890714 101.1011375,14.1888878 101.100923,14.188763 101.1006547,14.1886449 101.1004544,14.1885823 101.1003329,14.1885719 101.1001862,14.1885893 101.1000325,14.1886413 101.0998179,14.1887557 101.0993995,14.1889533 101.0992501,14.1889968 101.0990776,14.1890158 101.0989381,14.1889775 101.0988137,14.1888928 101.0986377,14.1887037 101.0981764,14.1882393 101.0978481,14.187877 101.0975718,14.1875424 101.0973535,14.1872407 101.0971925,14.1870571 101.0970316,14.1869287 101.0968315,14.1867831 101.0964772,14.1866203 101.0960695,14.186523 101.0958624,14.186433 101.0957047,14.1863082 101.0956264,14.1861626 101.0955835,14.1859821 101.0955835,14.1857954 101.0956479,14.1855593 101.0958195,14.1852264 101.0960266,14.1847761 101.0961135,14.1844869 101.0961489,14.1841956 101.0961124,14.1839996 101.0959697,14.1837426 101.0957691,14.1835346 101.0954901,14.1832922 101.0951897,14.1831045 101.0948754,14.1829937 101.0942247,14.1828273 101.0934088,14.182626 101.0929367,14.1824804 101.0924217,14.182328 101.0916782,14.1820367 101.0908553,14.1816831 101.0900852,14.1813271 101.0899079,14.18126 101.0897298,14.1812306 101.0895611,14.1812288 101.0894216,14.1812496 101.0893149,14.181293 101.0891569,14.1813848 101.0889788,14.1815148 101.0885926,14.1818269 101.0884239,14.1819814 101.0882171,14.1822084 101.0879843,14.1824929 101.0878858,14.1825688 101.0877804,14.1826234 101.0876337,14.1826528 101.0875012,14.1826434 101.0873939,14.1825914 101.0872442,14.1824856 101.0871471,14.1823558 101.0870905,14.1822151 101.0870648,14.1820126 101.0870369,14.1817575 101.0869824,14.1814956 101.0869009,14.181279 101.0867644,14.1810691 101.0865174,14.1808091 101.0863639,14.1806148 101.086225,14.1804713 101.0861249,14.1803776 101.0859777,14.1803098 101.0857953,14.1802718 101.0855413,14.1802682 101.0852809,14.1802424 101.0847302,14.1801348 101.0841007,14.1799824 101.0838899,14.17992 101.0837386,14.1798557 101.0836098,14.1797585 101.0834822,14.1796043 101.0833668,14.1794048 101.083138,14.1790556 101.0829449,14.178861 101.0826949,14.1787014 101.0822164,14.17846 101.0817374,14.1782593 101.0814139,14.1781813 101.0811993,14.1781745 101.080922,14.1781896 101.0805642,14.1782728 101.0800851,14.1784881 101.079663,14.1787305 101.079377,14.1788553 101.0790965,14.1789443 101.0785171,14.1790556 101.0782671,14.1791107 101.078074,14.1791804 101.0779168,14.1792771 101.0777452,14.1794508 101.0775735,14.1796932 101.0773091,14.1803672 101.0769722,14.1811703 101.076808,14.18194 101.0766948,14.1821215 101.0765216,14.1822313 101.0763574,14.1822385 101.0761798,14.1821631 101.0760082,14.1820175 101.0757705,14.1816904 101.075586,14.1813518 101.0753918,14.1809414 101.0752631,14.1803792 101.0751488,14.1800812 101.075063,14.1799215 101.0749128,14.1798315 101.0747481,14.1798175 101.0745335,14.179894 101.0743329,14.1800812 101.0738394,14.1806429 101.0734222,14.1810172 101.0730789,14.1812595 101.0726089,14.1814681 101.0722635,14.1815716 101.0720081,14.1815856 101.0718129,14.1815295 101.0716219,14.1814197 101.0714695,14.1812731 101.0712641,14.1809964 101.0709546,14.1806697 101.0706992,14.1804347 101.070313,14.180171 101.0699745,14.180004 101.0696311,14.1799068 101.0693667,14.1799 101.0691543,14.1799213 101.0687873,14.1800108 101.0685942,14.180094 101.0683796,14.1801496 101.0679789,14.180198 101.0676157,14.1802126 101.067105,14.1801944 101.0665847,14.1802537 101.0659839,14.1803369 101.0655773,14.180379 101.0652769,14.1803722 101.0650269,14.1803166 101.0648048,14.1802058 101.0644835,14.1799354 101.0642329,14.1796509 101.0640741,14.1793591 101.0639738,14.1790678 101.0638022,14.1784437 101.0636466,14.1778966 101.0634964,14.1772516 101.0633226,14.1768283 101.0630823,14.1764611 101.0628505,14.1762177 101.0625957,14.176045 101.061614,14.1755311 101.060915,14.175074 101.0604709,14.1747697 101.0601479,14.1744566 101.0599119,14.1741929 101.0595128,14.1736879 101.0592478,14.1733269 101.0584383,14.1721608 101.0581593,14.1718352 101.0578305,14.1715367 101.0574872,14.171287 101.0572511,14.1711414 101.0569792,14.1710166 101.0564443,14.1708371 101.0558988,14.1706213 101.0552427,14.1702686 101.0549976,14.1701012 101.0546988,14.1698317 101.0543753,14.1693938 101.0539982,14.1688196 101.0537975,14.1685491 101.0528089,14.167577 101.0521651,14.1669253 101.0518599,14.1665446 101.0515289,14.1659683 101.0513235,14.1655667 101.0510279,14.164928 101.0508085,14.1646097 101.0506583,14.164464 101.0504131,14.1643246 101.0498338,14.1640469 101.0490345,14.1636318 101.0486627,14.1633686 101.048453,14.1631731 101.0483317,14.1629723 101.0482405,14.162758 101.0481692,14.1625291 101.04799,14.1620714 101.0477953,14.1617026 101.0474874,14.1613214 101.0470459,14.1608017 101.046738,14.1605313 101.0464574,14.1603711 101.0461355,14.1602395 101.0457938,14.1601365 101.0452579,14.1600044 101.0446786,14.1598795 101.0442049,14.1597828 101.0436631,14.1596163 101.0432387,14.1594489 101.0428477,14.1592418 101.0424378,14.1589495 101.0409594,14.157799 101.0402781,14.1572434 101.0399203,14.1569938 101.0396988,14.1569105 101.0394627,14.1569105 101.0392337,14.1569589 101.0390406,14.1570978 101.0387975,14.1573958 101.0386044,14.1576871 101.0384129,14.1578681 101.0382396,14.1579784 101.0380626,14.158007 101.037855,14.1579862 101.0376619,14.1579097 101.0374886,14.1577912 101.037317,14.1575347 101.0371952,14.1572434 101.0371523,14.1568481 101.0371829,14.1565922 101.0373239,14.1563488 101.0374886,14.1561475 101.038134,14.1557048 101.0388904,14.1553293 101.0391194,14.1551212 101.0392267,14.154934 101.0392696,14.1547259 101.0392337,14.1544762 101.039121,14.1542484 101.0389279,14.1540471 101.0386473,14.153852 101.0382987,14.1537282 101.037789,14.1536721 101.0374243,14.1536513 101.0369951,14.1536721 101.0363943,14.1537553 101.0361368,14.1537626 101.0359507,14.1537345 101.0357935,14.1536513 101.0356733,14.1535202 101.0356014,14.1533329 101.0355585,14.1531321 101.03558,14.1522583 101.0356004,14.15189 101.035536,14.1515914 101.0354142,14.1513001 101.0352425,14.1510297 101.0349995,14.1507592 101.0347646,14.1505449 101.0343692,14.1503009 101.033821,14.1500382 101.0333634,14.1498374 101.0328532,14.1496491 101.0325051,14.1495461 101.0321805,14.1494827 101.0316682,14.1494213 101.0311962,14.1493724 101.0303566,14.1492122 101.0293143,14.1489844 101.0289125,14.1489001 101.0286266,14.1487961 101.0284335,14.1486988 101.0282441,14.1485854 101.0280773,14.1483602 101.027904,14.1480746 101.0277967,14.1477417 101.0277769,14.1475279 101.0278772,14.147299 101.0280258,14.1471591 101.028412,14.1469307 101.0290987,14.1465562 101.0294275,14.1462649 101.0295348,14.1460152 101.0295439,14.1457593 101.029449,14.145495 101.0292221,14.1452183 101.0289002,14.1449613 101.0283691,14.1446347 101.028176,14.1444266 101.0280274,14.1441572 101.0279614,14.1438856 101.0279255,14.1435319 101.0279131,14.1428458 101.02794,14.1424775 101.0280988,14.1415146 101.0281615,14.1409794 101.028176,14.1406605 101.0281132,14.1403629 101.0279131,14.1396971 101.0276841,14.1389896 101.0276106,14.1385958 101.0276181,14.1382744 101.0276573,14.1380574 101.0277254,14.1378582 101.0278756,14.1375045 101.0281186,14.1371856 101.028412,14.1369775 101.0287124,14.1368735 101.0292274,14.1367694 101.0295707,14.136707 101.0297639,14.136603 101.0298712,14.1364225 101.0298712,14.136166 101.0297708,14.1358747 101.0294865,14.1353556 101.0289217,14.134336 101.0282136,14.1331083 101.0279131,14.1326713 101.0275323,14.1323373 101.0271675,14.1321084 101.0269046,14.1320263 101.0266091,14.1320252 101.0262014,14.1320736 101.0256172,14.1322135 101.0252497,14.1322817 101.0248946,14.1322968 101.0246135,14.1322541 101.0242487,14.1321084 101.023855,14.1318447 101.0235406,14.1315534 101.0229275,14.1308053 101.0219318,14.1295074 101.0214469,14.1289674 101.0211878,14.1287651 101.0209104,14.1286345 101.0207087,14.1285918 101.0204512,14.1285986 101.0201937,14.128661 101.0199593,14.1288009 101.0197002,14.129008 101.0192137,14.129549 101.0187142,14.1301951 101.0183999,14.1304656 101.0181124,14.1306378 101.0177063,14.1308121 101.017261,14.1309432 101.0167906,14.1310061 101.0163743,14.1310332 101.0156876,14.1309848 101.0146003,14.1308808 101.0138492,14.1308599 101.0133702,14.1309016 101.012948,14.1309916 101.0126406,14.1311513 101.0124271,14.1313885 101.0122614,14.1316715 101.0120897,14.1321152 101.011954,14.1323998 101.0118054,14.1325673 101.0116321,14.1326703 101.0114176,14.1327186 101.0111456,14.1327186 101.0108039,14.1326713 101.0105378,14.1325662 101.0099869,14.1322333 101.0094649,14.1317963 101.0092144,14.1314842 101.0090572,14.1311305 101.0089945,14.130708 101.0090014,14.1303408 101.0090588,14.129987 101.0091645,14.1295974 101.0093378,14.129279 101.0096087,14.1290007 101.0099595,14.1287801 101.0106032,14.1285304 101.0120688,14.1280019 101.012484,14.1278219 101.0127125,14.1276554 101.0127844,14.127489 101.012764,14.1272403 101.0126557,14.1269615 101.0123638,14.1266712 101.0119057,14.1264912 101.0106623,14.12594 101.0104116,14.1257706</coordinates></LineString></MultiGeometry>
  </Placemark>
  <Placemark id="nayoknam2.62">
	<name>คลองแม่น้ำใน</name>
	<Style><LineStyle><color>ff0000ff</color></LineStyle><PolyStyle><fill>0</fill></PolyStyle></Style>
	<ExtendedData><SchemaData schemaUrl="#nayoknam2">
		<SimpleData name="tessellate">-1</SimpleData>
		<SimpleData name="extrude">0</SimpleData>
		<SimpleData name="visibility">-1</SimpleData>
		<SimpleData name="_id">way/741501778</SimpleData>
		<SimpleData name="waterway">river</SimpleData>
		<SimpleData name="name_en">Khlong Maenam Nai</SimpleData>
		<SimpleData name="source">Bing</SimpleData>
	</SchemaData></ExtendedData>
      <MultiGeometry><LineString><coordinates>100.9844221,14.1465575 100.984806,14.1465306 100.9853907,14.1461571 100.9858048,14.1456578 100.9870859,14.1436374 100.9876373,14.1427032 100.9880096,14.1420373 100.9882875,14.141334 100.9886308,14.1401543 100.9889108,14.1392907 100.9892542,14.1385833 100.9896833,14.1380007 100.9904118,14.1371267 100.9907197,14.1365889 100.9908774,14.1361311 100.9909558,14.1355037 100.9909558,14.1342969 100.9909697,14.1336726 100.991106,14.1331763 100.9913924,14.1328018 100.9918784,14.1323721 100.9929288,14.1316896 100.9934524,14.1313733 100.9938096,14.1310404 100.9940671,14.1307074 100.994345,14.1302184 100.9946164,14.1296493 100.9949254,14.1292925 100.9952119,14.1291406 100.9960326,14.1290126 100.9964564,14.1288763 100.9967139,14.1285995 100.9968062,14.128278 100.9966914,14.1279867 100.99642,14.1278203 100.9959468,14.1276954 100.995346,14.1274728 100.9950885,14.127196 100.9949319,14.1268485 100.9949598,14.1264875 100.9951314,14.1261545 100.9954747,14.1257383 100.995876,14.1254054 100.996377,14.1251973 100.9968062,14.1251141 100.9973212,14.1250725 100.9980143,14.1251318 100.9985228,14.1251005 100.9989445,14.1250069 100.9995592,14.1247301 101.000646,14.1242994 101.0010119,14.124185 101.0014185,14.1241329 101.0017887,14.1240768</coordinates></LineString></MultiGeometry>
  </Placemark>
  <Placemark id="nayoknam2.63">
	<name>คลองแม่น้ำใน</name>
	<Style><LineStyle><color>ff0000ff</color></LineStyle><PolyStyle><fill>0</fill></PolyStyle></Style>
	<ExtendedData><SchemaData schemaUrl="#nayoknam2">
		<SimpleData name="tessellate">-1</SimpleData>
		<SimpleData name="extrude">0</SimpleData>
		<SimpleData name="visibility">-1</SimpleData>
		<SimpleData name="_id">way/741501779</SimpleData>
		<SimpleData name="waterway">river</SimpleData>
		<SimpleData name="name_en">Khlong Maenam Nai</SimpleData>
		<SimpleData name="source">Bing</SimpleData>
	</SchemaData></ExtendedData>
      <MultiGeometry><LineString><coordinates>101.0025996,14.1247262 101.0020472,14.1259215 101.0016181,14.1270867 101.0014614,14.1275581 101.0014185,14.1279607 101.001484,14.1282635 101.0017039,14.1285434 101.0025193,14.1289741 101.0040653,14.1300145 101.0047015,14.1302601 101.0051522,14.1302642 101.0055384,14.1301394 101.0057809,14.1299167 101.0059246,14.1295422 101.0060384,14.1288347 101.0061821,14.1282104 101.0064396,14.1277942 101.0067336,14.1275144 101.0071542,14.1272948 101.0074869,14.1271978 101.0077421,14.1271835 101.0083,14.1270587 101.0088718,14.1268787 101.0092152,14.1266706 101.0097731,14.126296 101.010081,14.1260578 101.0104116,14.1257706</coordinates></LineString></MultiGeometry>
  </Placemark>
  <Placemark id="nayoknam2.64">
	<name>แม่น้ำนครนายก</name>
	<Style><LineStyle><color>ff0000ff</color></LineStyle><PolyStyle><fill>0</fill></PolyStyle></Style>
	<ExtendedData><SchemaData schemaUrl="#nayoknam2">
		<SimpleData name="tessellate">-1</SimpleData>
		<SimpleData name="extrude">0</SimpleData>
		<SimpleData name="visibility">-1</SimpleData>
		<SimpleData name="_id">way/743549088</SimpleData>
		<SimpleData name="waterway">river</SimpleData>
		<SimpleData name="width">20</SimpleData>
		<SimpleData name="name_en">Nakhon Nayok River</SimpleData>
		<SimpleData name="name_th">แม่น้ำนครนายก</SimpleData>
		<SimpleData name="source">Bing; Wikipedia</SimpleData>
	</SchemaData></ExtendedData>
      <MultiGeometry><LineString><coordinates>101.2826122,14.2702684 101.2834635,14.269603 101.2838739,14.2693186 101.2841072,14.2691039 101.284332,14.2688746 101.2845037,14.26857 101.2852048,14.2673638 101.2855267,14.2670103 101.2856409,14.2668304 101.2856838,14.2666775 101.2856769,14.2665112 101.285591,14.2663308 101.2854194,14.2662408 101.2851903,14.2662408 101.2847757,14.2662684 101.2845611,14.26622 101.2843465,14.2661368 101.2841604,14.2659772 101.2840241,14.2657417 101.2838095,14.2652915 101.2836636,14.2650768 101.283449,14.2649379 101.2831663,14.2648756 101.2828015,14.2648756 101.282462,14.2649379 101.282183,14.265056 101.2819218,14.2652291 101.2816643,14.2654714 101.281535,14.2657209 101.2815178,14.265971 101.2815897,14.2664077 101.2815822,14.2667196 101.2815393,14.2669692 101.2813966,14.2672395 101.2812679,14.2674059</coordinates></LineString></MultiGeometry>
  </Placemark>
  <Placemark id="nayoknam2.65">
	<name>คลองพรหมณี</name>
	<Style><LineStyle><color>ff0000ff</color></LineStyle><PolyStyle><fill>0</fill></PolyStyle></Style>
	<ExtendedData><SchemaData schemaUrl="#nayoknam2">
		<SimpleData name="tessellate">-1</SimpleData>
		<SimpleData name="extrude">0</SimpleData>
		<SimpleData name="visibility">-1</SimpleData>
		<SimpleData name="_id">way/744813705</SimpleData>
		<SimpleData name="waterway">river</SimpleData>
		<SimpleData name="name_en">Khlong Phrommani</SimpleData>
		<SimpleData name="name_th">คลองพรหมณี</SimpleData>
		<SimpleData name="source">Bing</SimpleData>
	</SchemaData></ExtendedData>
      <MultiGeometry><LineString><coordinates>101.1311909,14.2037219 101.1315564,14.203589 101.1317964,14.2033896 101.1324018,14.2024206 101.1324133,14.2022766 101.1323904,14.2021492 101.1323219,14.2020939 101.1321848,14.2020883 101.1320877,14.2019665 101.132082,14.2017837 101.1321448,14.2016675 101.1321734,14.2014349 101.1321391,14.2012244 101.1321334,14.2010251 101.1322305,14.20087 101.1325277,14.2007481 101.132882,14.2006484 101.133145,14.2006484 101.1332936,14.2007481 101.1334879,14.2007481 101.1337165,14.2008811 101.1339565,14.2011249 101.1341623,14.201413 101.1350311,14.2019228 101.1356026,14.2022774 101.1363342,14.2025988 101.1368257,14.2026431 101.1377973,14.2025544 101.1395005,14.202089 101.1399806,14.2020336 101.1403007,14.2021666 101.1405522,14.2022442 101.1409294,14.2022442 101.1412495,14.2022442 101.1418782,14.2022885 101.1428155,14.202355 101.143307,14.2023217 101.14373,14.2023328 101.1441301,14.2025101 101.1446788,14.2029423 101.1449188,14.2032304 101.1449874,14.203585 101.1449188,14.2039285 101.1447016,14.2042388 101.1445416,14.2045159 101.1445073,14.2047597 101.1445644,14.2051032 101.1450103,14.2054799 101.1455246,14.2057127 101.1459247,14.2060673 101.146782,14.2065548 101.1470777,14.2066265 101.1474694,14.2066336 101.1479424,14.2065907 101.1485779,14.2063757 101.149147,14.2061823 101.1494426,14.206168 101.1496865,14.2062611 101.1499082,14.2063972 101.1503812,14.2067268 101.1510612,14.2071996 101.1515563,14.2073644 101.1523028,14.2073931 101.1526575,14.2072928 101.1529014,14.2070993 101.1532118,14.206691 101.1535592,14.2059888 101.1535666,14.2057739 101.1534261,14.2054228 101.1533375,14.2050431 101.1534114,14.2048425 101.1535961,14.2046634 101.1539065,14.2046061 101.1542095,14.2046061 101.1547121,14.2046491 101.1550077,14.2045201 101.1553255,14.2042264 101.1555029,14.2039613 101.1557763,14.2036675 101.1562493,14.2031875 101.1564563,14.2030657 101.1566632,14.2031087 101.1568184,14.2032591 101.1570253,14.2035457 101.1571658,14.2039899 101.1573801,14.2043482 101.1575648,14.2045129 101.1578161,14.2045344 101.1581635,14.2044986 101.1590503,14.2043052 101.1595233,14.2040902 101.1598855,14.203775 101.1603585,14.2033021 101.1606541,14.2029654 101.1609201,14.2027361 101.1611049,14.2027361 101.1614005,14.2029439 101.1616814,14.203209 101.1619918,14.2036174 101.1620952,14.2037392 101.1622652,14.2037965 101.1625017,14.2037822 101.1626791,14.2037033 101.1629082,14.2033881 101.163093,14.2032018 101.1633886,14.2031302 101.163662,14.2031373 101.1642828,14.2033881 101.1646302,14.2036102 101.1649775,14.204255 101.1651475,14.2045344 101.1654062,14.204735 101.1657536,14.2051649 101.1661157,14.2057166 101.1663005,14.2058312 101.1665296,14.205867 101.1667365,14.2058241 101.1668769,14.2056664 101.1669878,14.2052151 101.1670617,14.2044914 101.1671208,14.2042837 101.1672908,14.204169 101.1676455,14.2042693 101.167919,14.2043768 101.168089,14.2046204 101.1681776,14.2049356 101.1683033,14.2053225 101.1684585,14.20543 101.168695,14.2054443 101.1689832,14.205344 101.1692936,14.2052151 101.1696705,14.2051864 101.1699588,14.2050789 101.1702322,14.20495 101.1705278,14.2051076 101.1707496,14.2053942 101.1709861,14.2056593 101.1712521,14.2057811 101.1716512,14.2058312 101.172612,14.2059172 101.1729889,14.2060318 101.1732623,14.2062897 101.173521,14.2066336 101.1737353,14.206691 101.1739644,14.2066623 101.1742822,14.2065692 101.1744818,14.2065835 101.1747626,14.2067125 101.1752134,14.2068128 101.1754096,14.2067973 101.1755527,14.2067254 101.1757065,14.2065815 101.1759079,14.206381 101.1761412,14.206268 101.1765282,14.20616 101.1767986,14.2060624 101.1769205,14.2059082 101.1773302,14.2051479 101.1775989,14.2049618 101.17786,14.2049023 101.178144,14.2049395 101.1784358,14.2050437 101.1787352,14.2052297 101.1787725,14.2053969 101.1787966,14.2055051 101.1786891,14.20584 101.1785816,14.2060707 101.1779751,14.2068076 101.1775452,14.207269 101.1774915,14.2075741 101.1774915,14.2078421 101.1775375,14.2081472 101.177622,14.2082588 101.1779982,14.2084226 101.1784127,14.2087873 101.1787121,14.2093678 101.1792956,14.2104552 101.179626,14.2108026 101.179869,14.2109971 101.1801619,14.2111047 101.1805771,14.2111978 101.1808915,14.2112639 101.1812139,14.2113715 101.1815213,14.2114682 101.1820142,14.2115104 101.1825866,14.2115722 101.1829299,14.2115514 101.1833741,14.2114786 101.1837453,14.2114682 101.1840179,14.211541 101.1844674,14.2117802 101.1851401,14.2122379 101.1855247,14.2124667 101.1859131,14.2127823 101.186206,14.2131739 101.1865354,14.2134864 101.1867854,14.2136523 101.1872429,14.2139019 101.1876217,14.2140486 101.1878837,14.2140891 101.188087,14.2141099 101.1882587,14.2141619 101.1884918,14.2142971 101.1887273,14.2144461 101.1888458,14.2144948 101.1889673,14.2145156 101.1890813,14.2145085 101.189257,14.2144428 101.189371,14.2143733 101.1894568,14.2142763 101.1895003,14.2141723 101.1895032,14.2140371 101.1894145,14.2136315 101.1894032,14.2135067 101.1894037,14.2133195 101.1894389,14.2131531 101.1895647,14.2128099 101.1896612,14.2126435 101.189754,14.2125533 101.1898506,14.2124875 101.190004,14.2124389 101.1901869,14.2124077 101.1904761,14.2123973 101.19078,14.2124147 101.1909809,14.2124667 101.1911311,14.2125707 101.1912915,14.2126955 101.191413,14.2127475 101.1915388,14.2127579 101.1916426,14.2127301 101.1917595,14.2126367 101.1918464,14.2125046 101.1920538,14.2121476 101.1921897,14.2119916 101.192297,14.2119225 101.1924247,14.2119019 101.1925534,14.2119191 101.1926929,14.2119815 101.192837,14.212106 101.1930792,14.2123559 101.1931875,14.212411 101.1933699,14.2124493 101.1935845,14.2124493 101.1939423,14.2124004 101.1941386,14.2123869 101.1943712,14.2124214 101.1945678,14.2124838 101.1948111,14.2126157 101.1951646,14.21289 101.1954325,14.2131427 101.1955253,14.2132709 101.1955905,14.2133957 101.1956326,14.2135795 101.1956908,14.2138845 101.1957624,14.2141029 101.1958472,14.2142485 101.1959974,14.2144116 101.1961691,14.2145189 101.1963847,14.2146404 101.1965446,14.2147652 101.1966411,14.2148796 101.196727,14.2150564 101.1968058,14.2151916 101.1968994,14.2152678 101.1970276,14.2153094 101.1972028,14.215306 101.197386,14.2152644 101.197758,14.2151084 101.1980512,14.2149557 101.1982365,14.2149004 101.1984267,14.2148692 101.1986413,14.2148692 101.1988987,14.2148725 101.1990382,14.2148484 101.1991984,14.2147756 101.1992949,14.2146612 101.1993958,14.2144357 101.1995639,14.2141827 101.1997026,14.2140509 101.1998206,14.2139955 101.1999317,14.2140059 101.2000459,14.2140787 101.2001532,14.2142173 101.2002069,14.2143804 101.2002498,14.2144844 101.2003678,14.2146437 101.2005824,14.2148068 101.2008906,14.214942 101.2011188,14.2150772 101.2012556,14.2152054 101.2013693,14.2153718 101.2013978,14.2155382 101.2013449,14.2156734 101.2012519,14.21576 101.2010797,14.215819 101.2009042,14.215826 101.2000819,14.2157844 101.1997909,14.215747 101.1995854,14.2157462 101.1994172,14.2157704 101.1992735,14.2158364 101.1990597,14.2159646 101.1988915,14.216131 101.1987907,14.216294 101.1987477,14.216443 101.198755,14.2165748 101.1987979,14.2166788 101.1988443,14.2167516 101.1989159,14.2168036 101.1990232,14.2168278 101.1991562,14.2168798 101.1993056,14.2169734 101.1994666,14.217119 101.1995961,14.2172854 101.1998064,14.2176286 101.1998528,14.2177742 101.1998528,14.2179476 101.1998888,14.2181452 101.1999639,14.2183429 101.2002605,14.2190222 101.2003072,14.2192269 101.2003249,14.2194557 101.2002964,14.2196429 101.2002399,14.2197261 101.2001425,14.2197817 101.200003,14.2198093 101.1998528,14.2197885 101.1995953,14.2197157 101.1993172,14.2196429 101.199134,14.2196361 101.1988945,14.2196637 101.1987593,14.2197053 101.1986584,14.2197677 101.1985841,14.2198613 101.1985412,14.2199791 101.1985305,14.2201837 101.1985983,14.2206551 101.198637,14.2207661 101.1986906,14.2208633 101.198788,14.2209359 101.1989409,14.2209707 101.1992099,14.2210016 101.1993558,14.2210401 101.1994781,14.2211127 101.1996382,14.2213105 101.1997563,14.2215115 101.1998099,14.2216745 101.1998099,14.2217819 101.1997635,14.2219345 101.1996811,14.2220385 101.1995602,14.2221181 101.1993593,14.2222221 101.1992378,14.2223193 101.1991519,14.2224301 101.1991232,14.2225341 101.1991519,14.2226277 101.1992169,14.2227351 101.1993137,14.2228079 101.1994019,14.2228986 101.1995092,14.2230967 101.199609,14.223169 101.1997627,14.2231586 101.1999102,14.2231409 101.2000288,14.2231477 101.2001969,14.2231997 101.2003356,14.2232829 101.2005295,14.2234597 101.2007119,14.2235983 101.2009549,14.2237405 101.201066,14.2238341 101.2011947,14.2240213 101.2012663,14.2241773 101.2013084,14.2243437 101.2013235,14.2245309 101.2013012,14.2247493 101.2012513,14.2249573 101.2012446,14.2251341 101.2012728,14.2253041 101.2013093,14.2254253 101.2013878,14.2255709 101.2015093,14.2257373 101.2016483,14.2258829 101.201817,14.2259869 101.2019672,14.2260318 101.202214,14.2260597 101.2023105,14.2260805 101.2024071,14.2261429 101.2024607,14.2262052 101.2024921,14.2263612 101.2024884,14.2264225 101.2024814,14.226538 101.2024462,14.2267078 101.2023813,14.2268708 101.202299,14.2269748 101.2020388,14.2271724 101.2018993,14.2272764 101.201835,14.2273804 101.2018135,14.2274566 101.2018092,14.2275817 101.2018457,14.2277444 101.2018993,14.2278796 101.2019771,14.2280044 101.2020638,14.2280772 101.2021887,14.2281222 101.2023926,14.2281638 101.2027289,14.2281604 101.2029829,14.2281396 101.2032504,14.22815 101.2034049,14.2281742 101.2035336,14.2282194 101.203723,14.2283232 101.2038662,14.2283648 101.2040344,14.2283718 101.2041765,14.228358 101.2043232,14.2283094 101.2044233,14.228254 101.2044777,14.2281846 101.2045164,14.2280876 101.2045413,14.227942 101.2045593,14.2277686 101.204603,14.227675 101.2046808,14.2276126 101.2047747,14.2275918 101.204871,14.2276126 101.2049461,14.2276542 101.2050142,14.227727 101.2050528,14.2277998 101.2050963,14.2279454 101.2051491,14.2281188 101.205225,14.2282748 101.2053969,14.228514 101.2054828,14.22867 101.2056437,14.2289958 101.2057188,14.229086 101.2057974,14.2291276 101.2059039,14.229138 101.2059967,14.2291172 101.2060836,14.2290475 101.2061611,14.2289165 101.2062367,14.2287636 101.2063767,14.2285174 101.206462,14.2283788 101.2067093,14.2280876 101.206859,14.2278622 101.2070634,14.2275086 101.2071484,14.2272972 101.2071817,14.2271314 101.2071913,14.2269748 101.2071913,14.2268433 101.2072235,14.226746 101.2072922,14.2266662 101.2073853,14.2266246 101.2075355,14.2266246 101.2076213,14.2266558 101.2076959,14.226746 101.2078673,14.2270268 101.2081685,14.2274428 101.2083187,14.227734 101.2084152,14.2280044 101.2084643,14.2282436 101.2084761,14.2283476 101.208519,14.2284308 101.2085834,14.2284828 101.2086893,14.2285244 101.2093009,14.2286492 101.2100744,14.2287324 101.2102246,14.2287324 101.2103453,14.228715 101.2104964,14.2286664 101.2107431,14.228552 101.2108217,14.2285382 101.210904,14.228552 101.2109826,14.2286214 101.2110427,14.2287048 101.2111108,14.2287917 101.2111937,14.228871 101.2113117,14.2289055 101.2115829,14.2289128 101.2117409,14.2289126 101.2118152,14.228944 101.2118796,14.2290101 101.2120233,14.2292282 101.2120872,14.2292664 101.2121585,14.2292701 101.2122237,14.2292558 101.2122594,14.229183 101.2122889,14.2289978 101.212306,14.228819 101.2123524,14.228708 101.2124383,14.2286214 101.2125877,14.2285452 101.2127781,14.2284966 101.2129412,14.2284833 101.2130474,14.2284937 101.213156,14.2285569 101.2132631,14.22865 101.2133199,14.2287646 101.2134108,14.2291414 101.2134889,14.229346 101.2135962,14.2295124 101.2136793,14.2295885 101.2137579,14.2296197 101.2138617,14.2296197 101.213954,14.2295852 101.2140291,14.2295124 101.2140905,14.2293946 101.2142437,14.2288606 101.2143043,14.2287046 101.2143687,14.2286008 101.214609,14.2283752 101.2146798,14.2282509 101.2146943,14.2281328 101.2146798,14.2280185 101.2146162,14.227897 101.214551,14.2277689 101.2145197,14.2276542 101.2144867,14.2273908 101.2144438,14.2272452 101.2143901,14.2271516 101.2142836,14.2270822 101.2141871,14.227051 101.2138859,14.2270476 101.2137931,14.2270268 101.2137249,14.2269681 101.2136721,14.2268534 101.2136434,14.2267115 101.2136614,14.2266142 101.2137142,14.2265276 101.2138038,14.2264689 101.2139116,14.2264374 101.2141004,14.2264132 101.2141978,14.2263958 101.214315,14.2263508 101.2144159,14.2262918 101.2147334,14.2259905 101.2149625,14.2258241 101.2150776,14.2257198 101.2151342,14.2256369 101.215184,14.2255433 101.2152063,14.2253454 101.2152055,14.2252209 101.215242,14.2251096 101.2153273,14.2250475 101.2154423,14.2250334 101.2155174,14.2250438 101.215614,14.2250888 101.2157106,14.2251582 101.2157956,14.2252521 101.2159037,14.2254115 101.2159681,14.2255534 101.2160424,14.2256749 101.2162647,14.2259312 101.216332,14.2260529 101.2163723,14.226219 101.2163857,14.2263508 101.2163857,14.226486 101.2163972,14.2265726 101.2164401,14.226635 101.2165225,14.2266699 101.2166225,14.2266803 101.2167478,14.2266558 101.2171697,14.2264686 101.2175414,14.226271 101.2177949,14.2261013 101.2178743,14.2260664 101.2179628,14.2260737 101.2180674,14.226108 101.2182455,14.2261881 101.2183705,14.2262468 101.2184679,14.2262572 101.2185859,14.226226 101.218746,14.2261325 101.2188356,14.2260701 101.2189287,14.2260493 101.2190145,14.2260633 101.2190931,14.2261049 101.2192398,14.2262401 101.2193155,14.2263508 101.2193471,14.2264548 101.2193549,14.2265451 101.2193155,14.2268326 101.2193262,14.2269403 101.2193691,14.2270302 101.2194514,14.227103 101.2195587,14.227148 101.2198728,14.2272177 101.2199769,14.2272382 101.2200587,14.2272938 101.2200981,14.2273529 101.2201056,14.2274392 101.2200949,14.2275294 101.2200343,14.2277374 101.2199868,14.2279524 101.2199761,14.2280564 101.2200021,14.2281604 101.2200557,14.2282436 101.2201271,14.2282956 101.2202703,14.2283268 101.2203838,14.2283476 101.2204597,14.2283926 101.2204849,14.228462 101.2204921,14.2286076 101.2205136,14.2287012 101.2205458,14.228774 101.2206102,14.228826 101.2207056,14.2288572 101.2209025,14.2288676 101.2210179,14.2288814 101.2211037,14.2289196 101.2211573,14.2289716 101.2211777,14.2290444 101.2211892,14.2291518 101.2212,14.229339 101.2212252,14.2294118 101.2212896,14.2294637 101.2213749,14.2294952 101.2215004,14.2295157 101.2216184,14.2295506 101.2216935,14.2295989 101.2217579,14.2296751 101.2218045,14.2297653 101.221826,14.2299003 101.2218153,14.2300979 101.2217793,14.2303371 101.2217257,14.2305729 101.2216506,14.2307913 101.2216144,14.2309369 101.2216222,14.2310513 101.2216758,14.2311552 101.2217579,14.231228 101.2218976,14.2312696 101.22208,14.2312904 101.222198,14.2313008 101.2222868,14.231332 101.222341,14.2313736 101.2223804,14.231436 101.2224032,14.231551 101.2224298,14.2316648 101.2224662,14.2317202 101.2225306,14.2317584 101.2226272,14.2317584 101.2227911,14.2317272 101.2230056,14.2317064 101.2232063,14.2317098 101.2238752,14.2318138 101.2240327,14.231852 101.2241858,14.2319144 101.2243253,14.2320117 101.2247872,14.2323268 101.2249588,14.2324066 101.2251198,14.2324516 101.2252842,14.2324586 101.2254953,14.2324412 101.2257844,14.2323793 101.2260175,14.2323026 101.2264102,14.2321401 101.2266856,14.2320636 101.2268755,14.2320426 101.2270182,14.2320569 101.2270794,14.2320878 101.2271438,14.2321362 101.2272119,14.2322126 101.2273294,14.2322961 101.2274259,14.2323444 101.2275303,14.2323754 101.2276805,14.2323754 101.2277891,14.2323561 101.2281096,14.2322334 101.2282126,14.2322092 101.2283239,14.232209 101.2284773,14.2322576 101.2287027,14.2323304 101.2288856,14.2323442 101.22905,14.2323304 101.2291962,14.2323096 101.2293684,14.232268 101.229915,14.2320912 101.2305695,14.2319352 101.2306988,14.231904 101.2307846,14.2319074 101.2308632,14.2319386 101.2309026,14.232008 101.2309128,14.2320912 101.2309235,14.2322472 101.2309455,14.2323304 101.2309992,14.2323928 101.2310635,14.2324448 101.231206,14.232528 101.2312781,14.2325834 101.2313674,14.2326978 101.2315927,14.2331761 101.2315922,14.2332388 101.2315565,14.2332908 101.2314927,14.2333254 101.2313562,14.233367 101.2312781,14.2334153 101.2312387,14.2334569 101.2312245,14.2335126 101.231228,14.233575 101.2312567,14.2336441 101.2313098,14.2337102 101.2315176,14.2339249 101.2316107,14.2339769 101.2316858,14.2340081 101.2317711,14.2340151 101.2318682,14.2339977 101.2323617,14.2338071 101.2324583,14.2337759 101.2325328,14.2337655 101.2325905,14.2337759 101.2326621,14.2338175 101.2328225,14.2339735 101.2328762,14.2340151 101.2329518,14.2340359 101.2330519,14.2340289 101.2332772,14.2339839 101.2333912,14.2339668 101.2334917,14.2339665 101.2335955,14.2339839 101.2337667,14.2340084 101.2338632,14.2340047 101.2339603,14.2339839 101.2343031,14.2338071 101.2343675,14.2337863 101.2344426,14.2337863 101.2345397,14.2338209 101.2347006,14.2339527 101.2348001,14.2340671 101.234861,14.2341643 101.2348972,14.2342785 101.2349474,14.2343895 101.2350254,14.2345039 101.2351614,14.2346427 101.2353331,14.2347743 101.2355409,14.2348783 101.235773,14.2349547 101.2359017,14.2349547 101.236129,14.234938</coordinates></LineString></MultiGeometry>
  </Placemark>
  <Placemark id="nayoknam2.66">
	<Style><LineStyle><color>ff0000ff</color></LineStyle><PolyStyle><fill>0</fill></PolyStyle></Style>
	<ExtendedData><SchemaData schemaUrl="#nayoknam2">
		<SimpleData name="tessellate">-1</SimpleData>
		<SimpleData name="extrude">0</SimpleData>
		<SimpleData name="visibility">-1</SimpleData>
		<SimpleData name="_id">way/746422677</SimpleData>
		<SimpleData name="waterway">stream</SimpleData>
	</SchemaData></ExtendedData>
      <MultiGeometry><LineString><coordinates>101.3911624,14.3090037 101.3916957,14.3093217 101.3922153,14.3094277 101.3925025,14.3096132 101.3930084,14.3097589 101.3932683,14.3097722 101.393364,14.3096529 101.3932136,14.3094277 101.3930768,14.3092024 101.3930905,14.3089507 101.3931725,14.3087784 101.3932409,14.3085532 101.3934324,14.3083412 101.3936375,14.3082219 101.3938152,14.3081954 101.3940204,14.3084207 101.3940887,14.3086327 101.3939793,14.3091759 101.3940751,14.3095469 101.3943349,14.3096794 101.3947314,14.3097589 101.3950733,14.3096132 101.3953878,14.3095999 101.3956613,14.3094674 101.3958664,14.3092554 101.3958801,14.3090037 101.3960989,14.3088579 101.3965228,14.3086724 101.3967142,14.3082484 101.3966459,14.3073341 101.3965365,14.3062476 101.3963587,14.3057971 101.3960137,14.305214 101.3959127,14.3043658 101.3964851,14.3036153 101.3968049,14.3027997 101.39731,14.3020003 101.3974447,14.3015435 101.3977309,14.3012825 101.3977141,14.3009073 101.3971248,14.30063 101.3970911,14.3001242 101.3972258,14.2995859 101.397209,14.2991617 101.3973268,14.2987702 101.39731,14.2983787 101.3972932,14.2980361 101.3973773,14.2976119 101.3977814,14.2963394 101.3980003,14.2955074 101.3981013,14.2950506 101.3980676,14.2943654 101.3980676,14.2940228 101.3977646,14.2937455 101.3975575,14.2936121</coordinates></LineString></MultiGeometry>
  </Placemark>
  <Placemark id="nayoknam2.67">
	<Style><LineStyle><color>ff0000ff</color></LineStyle><PolyStyle><fill>0</fill></PolyStyle></Style>
	<ExtendedData><SchemaData schemaUrl="#nayoknam2">
		<SimpleData name="tessellate">-1</SimpleData>
		<SimpleData name="extrude">0</SimpleData>
		<SimpleData name="visibility">-1</SimpleData>
		<SimpleData name="_id">way/746423229</SimpleData>
		<SimpleData name="waterway">stream</SimpleData>
	</SchemaData></ExtendedData>
      <MultiGeometry><LineString><coordinates>101.4127116,14.3621384 101.4129241,14.3617563 101.4132882,14.3615211 101.413531,14.361183 101.4137586,14.3607127 101.4140165,14.3603011 101.4143351,14.3600071 101.4144717,14.3596103 101.4144262,14.3592869 101.4144262,14.3590223 101.414502,14.35889 101.4145476,14.3587136 101.4143503,14.3584638 101.4143655,14.3581551 101.4147145,14.3579199 101.4148055,14.3574936 101.4148207,14.3567293 101.4151848,14.356009 101.4155338,14.3555827 101.4157311,14.3549066 101.4157159,14.3544068 101.41608,14.3535102 101.4162014,14.3530104 101.4161711,14.3526723 101.4159738,14.3523048 101.4164593,14.3520696 101.4166262,14.3516727 101.4168235,14.3513347 101.4174456,14.3509231 101.417658,14.3506879 101.4178401,14.3501881 101.4179008,14.3499529 101.4180525,14.3494237 101.4180222,14.3489975 101.4182497,14.3488505 101.4188718,14.3485418 101.4193118,14.3483066 101.4196456,14.347601 101.4202526,14.3467043 101.4203133,14.3463368 101.4206015,14.3456312 101.4207381,14.3449256 101.4206319,14.3445287 101.4208747,14.3443229 101.4211022,14.3443082 101.4214816,14.3439996 101.4217243,14.3436321 101.4219216,14.3432793 101.4222099,14.3431029 101.4226195,14.3430294 101.4232416,14.3428971 101.4235299,14.3425296 101.4234237,14.3420004 101.4233782,14.3416623 101.4235299,14.3413095 101.4239396,14.3408685 101.424243,14.3402364 101.4243189,14.339766 101.4241216,14.3389721 101.4238334,14.3381636 101.4236665,14.3373551 101.4234844,14.3368921 101.4233554,14.3364363 101.4234465,14.3361497 101.4236892,14.33601 101.4239547,14.3358483 101.4242885,14.3356646 101.4245692,14.3353485 101.4245541,14.335128 101.4247058,14.3348561 101.4249562,14.3345988 101.4252824,14.3338123 101.4252824,14.3336286 101.4254948,14.3333713 101.4256313,14.3329523 101.4258514,14.3326583 101.4259348,14.3323276 101.4260562,14.3318718 101.4263824,14.331497 101.4267845,14.3312691 101.4269286,14.3305194 101.4269666,14.3299975 101.42683,14.3295124 101.42661,14.3294536 101.4263824,14.3294242 101.4259879,14.3292037 101.4257376,14.3289758 101.42551,14.3285715 101.425252,14.3285127 101.4250445,14.3285352</coordinates></LineString></MultiGeometry>
  </Placemark>
  <Placemark id="nayoknam2.68">
	<Style><LineStyle><color>ff0000ff</color></LineStyle><PolyStyle><fill>0</fill></PolyStyle></Style>
	<ExtendedData><SchemaData schemaUrl="#nayoknam2">
		<SimpleData name="tessellate">-1</SimpleData>
		<SimpleData name="extrude">0</SimpleData>
		<SimpleData name="visibility">-1</SimpleData>
		<SimpleData name="_id">way/749341847</SimpleData>
		<SimpleData name="waterway">river</SimpleData>
		<SimpleData name="layer">-1</SimpleData>
		<SimpleData name="tunnel">culvert</SimpleData>
	</SchemaData></ExtendedData>
      <MultiGeometry><LineString><coordinates>101.0583549,14.2419984 101.0583561,14.2418841</coordinates></LineString></MultiGeometry>
  </Placemark>
  <Placemark id="nayoknam2.69">
	<Style><LineStyle><color>ff0000ff</color></LineStyle><PolyStyle><fill>0</fill></PolyStyle></Style>
	<ExtendedData><SchemaData schemaUrl="#nayoknam2">
		<SimpleData name="tessellate">-1</SimpleData>
		<SimpleData name="extrude">0</SimpleData>
		<SimpleData name="visibility">-1</SimpleData>
		<SimpleData name="_id">way/749341865</SimpleData>
		<SimpleData name="waterway">river</SimpleData>
		<SimpleData name="layer">-1</SimpleData>
		<SimpleData name="tunnel">culvert</SimpleData>
	</SchemaData></ExtendedData>
      <MultiGeometry><LineString><coordinates>101.0413604,14.2467595 101.0411693,14.2467046</coordinates></LineString></MultiGeometry>
  </Placemark>
  <Placemark id="nayoknam2.70">
	<Style><LineStyle><color>ff0000ff</color></LineStyle><PolyStyle><fill>0</fill></PolyStyle></Style>
	<ExtendedData><SchemaData schemaUrl="#nayoknam2">
		<SimpleData name="tessellate">-1</SimpleData>
		<SimpleData name="extrude">0</SimpleData>
		<SimpleData name="visibility">-1</SimpleData>
		<SimpleData name="_id">way/749341866</SimpleData>
		<SimpleData name="waterway">river</SimpleData>
	</SchemaData></ExtendedData>
      <MultiGeometry><LineString><coordinates>101.0411693,14.2467046 101.0309268,14.2437202 101.0304738,14.2434389</coordinates></LineString></MultiGeometry>
  </Placemark>
  <Placemark id="nayoknam2.71">
	<Style><LineStyle><color>ff0000ff</color></LineStyle><PolyStyle><fill>0</fill></PolyStyle></Style>
	<ExtendedData><SchemaData schemaUrl="#nayoknam2">
		<SimpleData name="tessellate">-1</SimpleData>
		<SimpleData name="extrude">0</SimpleData>
		<SimpleData name="visibility">-1</SimpleData>
		<SimpleData name="_id">way/749341867</SimpleData>
		<SimpleData name="waterway">river</SimpleData>
		<SimpleData name="layer">-1</SimpleData>
		<SimpleData name="tunnel">culvert</SimpleData>
	</SchemaData></ExtendedData>
      <MultiGeometry><LineString><coordinates>101.0569968,14.2389836 101.0570274,14.2388546</coordinates></LineString></MultiGeometry>
  </Placemark>
  <Placemark id="nayoknam2.72">
	<Style><LineStyle><color>ff0000ff</color></LineStyle><PolyStyle><fill>0</fill></PolyStyle></Style>
	<ExtendedData><SchemaData schemaUrl="#nayoknam2">
		<SimpleData name="tessellate">-1</SimpleData>
		<SimpleData name="extrude">0</SimpleData>
		<SimpleData name="visibility">-1</SimpleData>
		<SimpleData name="_id">way/749341868</SimpleData>
		<SimpleData name="waterway">river</SimpleData>
	</SchemaData></ExtendedData>
      <MultiGeometry><LineString><coordinates>101.0564547,14.235686 101.056426,14.2355866</coordinates></LineString></MultiGeometry>
  </Placemark>
  <Placemark id="nayoknam2.73">
	<Style><LineStyle><color>ff0000ff</color></LineStyle><PolyStyle><fill>0</fill></PolyStyle></Style>
	<ExtendedData><SchemaData schemaUrl="#nayoknam2">
		<SimpleData name="tessellate">-1</SimpleData>
		<SimpleData name="extrude">0</SimpleData>
		<SimpleData name="visibility">-1</SimpleData>
		<SimpleData name="_id">way/805956596</SimpleData>
		<SimpleData name="waterway">river</SimpleData>
		<SimpleData name="layer">-1</SimpleData>
		<SimpleData name="source">Bing</SimpleData>
		<SimpleData name="tunnel">yes</SimpleData>
	</SchemaData></ExtendedData>
      <MultiGeometry><LineString><coordinates>101.1020132,14.2420288 101.1018502,14.242057</coordinates></LineString></MultiGeometry>
  </Placemark>
  <Placemark id="nayoknam2.74">
	<Style><LineStyle><color>ff0000ff</color></LineStyle><PolyStyle><fill>0</fill></PolyStyle></Style>
	<ExtendedData><SchemaData schemaUrl="#nayoknam2">
		<SimpleData name="tessellate">-1</SimpleData>
		<SimpleData name="extrude">0</SimpleData>
		<SimpleData name="visibility">-1</SimpleData>
		<SimpleData name="_id">way/866273862</SimpleData>
		<SimpleData name="waterway">river</SimpleData>
	</SchemaData></ExtendedData>
      <MultiGeometry><LineString><coordinates>101.0698306,14.1852851 101.0691819,14.1849527 101.0688114,14.1845743 101.0685012,14.1841474 101.0683451,14.18362</coordinates></LineString></MultiGeometry>
  </Placemark>
  <Placemark id="nayoknam2.75">
	<Style><LineStyle><color>ff0000ff</color></LineStyle><PolyStyle><fill>0</fill></PolyStyle></Style>
	<ExtendedData><SchemaData schemaUrl="#nayoknam2">
		<SimpleData name="tessellate">-1</SimpleData>
		<SimpleData name="extrude">0</SimpleData>
		<SimpleData name="visibility">-1</SimpleData>
		<SimpleData name="_id">way/866273863</SimpleData>
		<SimpleData name="waterway">river</SimpleData>
	</SchemaData></ExtendedData>
      <MultiGeometry><LineString><coordinates>101.067105,14.1801944 101.0675184,14.1816732 101.0676657,14.1821999 101.0683451,14.18362</coordinates></LineString></MultiGeometry>
  </Placemark>
  <Placemark id="nayoknam2.76">
	<Style><LineStyle><color>ff0000ff</color></LineStyle><PolyStyle><fill>0</fill></PolyStyle></Style>
	<ExtendedData><SchemaData schemaUrl="#nayoknam2">
		<SimpleData name="tessellate">-1</SimpleData>
		<SimpleData name="extrude">0</SimpleData>
		<SimpleData name="visibility">-1</SimpleData>
		<SimpleData name="_id">way/866273868</SimpleData>
		<SimpleData name="waterway">river</SimpleData>
	</SchemaData></ExtendedData>
      <MultiGeometry><LineString><coordinates>101.0675184,14.1816732 101.0673845,14.1818334 101.0659039,14.1827592 101.0657591,14.1829256 101.0655069,14.1835549 101.0655338,14.183867 101.0651344,14.1847144 101.0645091,14.186041 101.0642409,14.1863946 101.0643375,14.1869355 101.0640049,14.1880069 101.0636508,14.1888494 101.0613119,14.1922923 101.0610866,14.1927291 101.0594237,14.1949342 101.0593378,14.1953398 101.0596168,14.1973889 101.0592949,14.1979713 101.0590482,14.1990011 101.0591233,14.1992923 101.0590804,14.1995107 101.0589101,14.1997829</coordinates></LineString></MultiGeometry>
  </Placemark>
  <Placemark id="nayoknam2.77">
	<name>คลองยี่สิบเก้า</name>
	<Style><LineStyle><color>ff0000ff</color></LineStyle><PolyStyle><fill>0</fill></PolyStyle></Style>
	<ExtendedData><SchemaData schemaUrl="#nayoknam2">
		<SimpleData name="tessellate">-1</SimpleData>
		<SimpleData name="extrude">0</SimpleData>
		<SimpleData name="visibility">-1</SimpleData>
		<SimpleData name="_id">way/984422103</SimpleData>
		<SimpleData name="waterway">river</SimpleData>
		<SimpleData name="width">30</SimpleData>
		<SimpleData name="name_en">Khlong Yi Sip Kao</SimpleData>
	</SchemaData></ExtendedData>
      <MultiGeometry><LineString><coordinates>100.9835855,14.1462131 100.9844221,14.1465575</coordinates></LineString></MultiGeometry>
  </Placemark>
  <Placemark id="nayoknam2.78">
	<name>คลองรังสิตประยูรศักดิ์</name>
	<Style><LineStyle><color>ff0000ff</color></LineStyle><PolyStyle><fill>0</fill></PolyStyle></Style>
	<ExtendedData><SchemaData schemaUrl="#nayoknam2">
		<SimpleData name="tessellate">-1</SimpleData>
		<SimpleData name="extrude">0</SimpleData>
		<SimpleData name="visibility">-1</SimpleData>
		<SimpleData name="_id">way/985104736</SimpleData>
		<SimpleData name="waterway">river</SimpleData>
		<SimpleData name="width">40</SimpleData>
		<SimpleData name="name_en">Rangsit Prayurasakti Canal</SimpleData>
		<SimpleData name="name_th">คลองรังสิตประยูรศักดิ์</SimpleData>
		<SimpleData name="boat">yes</SimpleData>
	</SchemaData></ExtendedData>
      <MultiGeometry><LineString><coordinates>101.0017887,14.1240768 101.0025996,14.1247262</coordinates></LineString></MultiGeometry>
  </Placemark>
  <Placemark id="nayoknam2.79">
	<Style><LineStyle><color>ff0000ff</color></LineStyle><PolyStyle><fill>0</fill></PolyStyle></Style>
	<ExtendedData><SchemaData schemaUrl="#nayoknam2">
		<SimpleData name="tessellate">-1</SimpleData>
		<SimpleData name="extrude">0</SimpleData>
		<SimpleData name="visibility">-1</SimpleData>
		<SimpleData name="_id">way/1266799622</SimpleData>
		<SimpleData name="waterway">river</SimpleData>
	</SchemaData></ExtendedData>
      <MultiGeometry><LineString><coordinates>101.0587381,14.2000579 101.0586511,14.2001969</coordinates></LineString></MultiGeometry>
  </Placemark>
  <Placemark id="nayoknam2.80">
	<Style><LineStyle><color>ff0000ff</color></LineStyle><PolyStyle><fill>0</fill></PolyStyle></Style>
	<ExtendedData><SchemaData schemaUrl="#nayoknam2">
		<SimpleData name="tessellate">-1</SimpleData>
		<SimpleData name="extrude">0</SimpleData>
		<SimpleData name="visibility">-1</SimpleData>
		<SimpleData name="_id">way/1266799623</SimpleData>
		<SimpleData name="waterway">river</SimpleData>
		<SimpleData name="layer">-1</SimpleData>
		<SimpleData name="tunnel">culvert</SimpleData>
	</SchemaData></ExtendedData>
      <MultiGeometry><LineString><coordinates>101.0589101,14.1997829 101.0587381,14.2000579</coordinates></LineString></MultiGeometry>
  </Placemark>
  <Placemark id="nayoknam2.81">
	<name>แม่น้ำนครนายก</name>
	<Style><LineStyle><color>ff0000ff</color></LineStyle><PolyStyle><fill>0</fill></PolyStyle></Style>
	<ExtendedData><SchemaData schemaUrl="#nayoknam2">
		<SimpleData name="tessellate">-1</SimpleData>
		<SimpleData name="extrude">0</SimpleData>
		<SimpleData name="visibility">-1</SimpleData>
		<SimpleData name="_id">way/1289793119</SimpleData>
		<SimpleData name="waterway">river</SimpleData>
		<SimpleData name="name_en">Nakhon Nayok River</SimpleData>
		<SimpleData name="name_th">แม่น้ำนครนายก</SimpleData>
		<SimpleData name="source">Bing;Wikipedia</SimpleData>
	</SchemaData></ExtendedData>
      <MultiGeometry><LineString><coordinates>101.1336542,14.2208968 101.1337853,14.2201793 101.1340121,14.2195279 101.1341969,14.2185589 101.1342977,14.2178912 101.1347681,14.2163441 101.1350285,14.215538 101.1349789,14.2147312 101.1349326,14.2143498 101.1348323,14.2140058 101.1346549,14.2138114 101.1345932,14.2134599 101.1345932,14.2129738 101.1345777,14.2126896 101.1343154,14.2121362 101.1339914,14.211523 101.1335208,14.2092346 101.1334051,14.2086363 101.1332354,14.2084344 101.1329962,14.2082997 101.1329268,14.208195 101.1329654,14.208038 101.1330657,14.2078211 101.1331197,14.2075668 101.133004,14.2072901 101.1329037,14.2069386 101.1328265,14.2063852 101.1327648,14.2057944 101.1326954,14.2056448 101.1325719,14.2054878 101.1323636,14.2053083 101.1323328,14.2052111 101.1323405,14.2050839 101.1324408,14.2049044 101.1323945,14.204725 101.1321785,14.2046277 101.1318236,14.204538 101.131569,14.2042837 101.1313762,14.203992 101.1311909,14.2037219 101.1308516,14.2035433 101.1307744,14.2033937 101.1305816,14.2030198 101.130057,14.2022046 101.1298718,14.2016437 101.1298024,14.2008809 101.1298024,14.2005294 101.1297098,14.2001928 101.129463,14.1996992 101.1290695,14.1991682 101.1287841,14.1987718 101.1285835,14.1985774 101.1281978,14.1983829 101.1278588,14.1983132 101.127523,14.1984586 101.1272015,14.1985279 101.1269014,14.1984932 101.1266228,14.1983062 101.1262013,14.1978768 101.1258369,14.1975374 101.1254725,14.1973781 101.125002,14.1972089</coordinates></LineString></MultiGeometry>
  </Placemark>
  <Placemark id="nayoknam2.82">
	<Style><LineStyle><color>ff0000ff</color></LineStyle><PolyStyle><fill>0</fill></PolyStyle></Style>
	<ExtendedData><SchemaData schemaUrl="#nayoknam2">
		<SimpleData name="tessellate">-1</SimpleData>
		<SimpleData name="extrude">0</SimpleData>
		<SimpleData name="visibility">-1</SimpleData>
		<SimpleData name="_id">way/1423844242</SimpleData>
		<SimpleData name="waterway">stream</SimpleData>
	</SchemaData></ExtendedData>
      <MultiGeometry><LineString><coordinates>101.3052573,14.3145715 101.3049389,14.314281 101.3047825,14.3140569 101.3047206,14.3138958 101.3047141,14.3137253 101.3047238,14.313479 101.3048412,14.3127488 101.3048141,14.3125871 101.3046652,14.3123553 101.3044666,14.3122066 101.30425,14.312211 101.3039296,14.3124515 101.3036544,14.3126002 101.3035145,14.3126483</coordinates></LineString></MultiGeometry>
  </Placemark>
  <Placemark id="nayoknam2.83">
	<name>คลองนางรอง</name>
	<Style><LineStyle><color>ff0000ff</color></LineStyle><PolyStyle><fill>0</fill></PolyStyle></Style>
	<ExtendedData><SchemaData schemaUrl="#nayoknam2">
		<SimpleData name="tessellate">-1</SimpleData>
		<SimpleData name="extrude">0</SimpleData>
		<SimpleData name="visibility">-1</SimpleData>
		<SimpleData name="_id">way/1424533901</SimpleData>
		<SimpleData name="waterway">stream</SimpleData>
		<SimpleData name="name_en">Nang Rong</SimpleData>
	</SchemaData></ExtendedData>
      <MultiGeometry><LineString><coordinates>101.3280951,14.3467641 101.3276268,14.3459901 101.3271171,14.3453095 101.3264559,14.3446289 101.325533,14.3441885 101.3247065,14.3437348 101.3241693,14.3434145 101.3238249,14.3431209 101.3237009,14.3425203 101.3237423,14.3419731 101.3238662,14.3415728 101.3237009,14.341079 101.3235081,14.3406786 101.3238111,14.3401982 101.3241555,14.3395576 101.3240591,14.3382497 101.3239627,14.3373689 101.3239076,14.3368618 101.3238387,14.3364881 101.3236183,14.3359809 101.3233979,14.3357274 101.3226954,14.3352602 101.3217311,14.3345663 101.3211801,14.3338055 101.3208358,14.3334185 101.3205052,14.3329781 101.3199542,14.3319771 101.3199791,14.3311281 101.3198399,14.3304499 101.3198298,14.3304077 101.3197314,14.3299951 101.3196182,14.3298969 101.3193394,14.3296551 101.3192725,14.3294113 101.3192453,14.3293123 101.3192378,14.3290498 101.3190722,14.3288784 101.3188464,14.3285321 101.3187975,14.3281237 101.3188201,14.3274674 101.3188389,14.3270298 101.3189405,14.3267746 101.3191173,14.3266689 101.3193582,14.3266871 101.3195426,14.3265267 101.3198248,14.3262313 101.3198098,14.3259615 101.3195351,14.3254328 101.3188464,14.3250864 101.3183609,14.3247984 101.317962,14.3246088 101.3176271,14.3243499 101.3174126,14.3239524 101.3172433,14.3235222 101.3173261,14.3234383 101.3172207,14.3232305 101.3170363,14.3231685 101.3167804,14.3229862 101.3165847,14.3226836 101.3164869,14.3223627 101.3164944,14.3220856 101.3165828,14.3216738 101.3165407,14.3208862 101.3166804,14.3202715</coordinates></LineString></MultiGeometry>
  </Placemark>
  <Placemark id="nayoknam2.84">
	<name>คลองแม่น้ำนอก</name>
	<Style><LineStyle><color>ff0000ff</color></LineStyle><PolyStyle><fill>0</fill></PolyStyle></Style>
	<ExtendedData><SchemaData schemaUrl="#nayoknam2">
		<SimpleData name="tessellate">-1</SimpleData>
		<SimpleData name="extrude">0</SimpleData>
		<SimpleData name="visibility">-1</SimpleData>
		<SimpleData name="_id">way/1479473015</SimpleData>
		<SimpleData name="waterway">river</SimpleData>
		<SimpleData name="name_th">คลองแม่น้ำนอก</SimpleData>
	</SchemaData></ExtendedData>
      <MultiGeometry><LineString><coordinates>100.913955,14.2096155 100.914497,14.2082286 100.9147765,14.2079541 100.9154144,14.2075217 100.9160514,14.2071546 100.9182952,14.2067188 100.9187006,14.2065588 100.9188759,14.2063073 100.9188478,14.2058021 100.9185236,14.2051574 100.9185814,14.2048302 100.9188713,14.2044572 100.9200701,14.2034359 100.9236138,14.2020321 100.9240009,14.2018279 100.9240153,14.2016247 100.9238197,14.201451 100.9227046,14.2009966 100.922534,14.2006531 100.922543,14.2003377 100.9227838,14.2000753 100.9231055,14.1999731 100.9272606,14.1991354 100.9284777,14.198943 100.9290526,14.1987683 100.9302572,14.1981252 100.9317847,14.1974105 100.9328323,14.1968187 100.9335153,14.1960147 100.9340171,14.1951682 100.9345435,14.1939105 100.9348959,14.1931472 100.9354659,14.1923416 100.9357283,14.1917262 100.9357283,14.1906163 100.9363522,14.1890226 100.9366093,14.1881558 100.9366643,14.1871967 100.9364008,14.1858107 100.9363583,14.1852192 100.9366652,14.1839781 100.9366686,14.1837524 100.9365019,14.1832603 100.9358772,14.182116 100.9357889,14.1815898 100.9358755,14.1810868 100.9362063,14.1805246 100.9363043,14.1801257 100.9362373,14.1796446 100.9361739,14.1787614 100.9361813,14.1782589 100.9365239,14.1768361 100.9368848,14.1749938 100.9370337,14.1743459 100.9372021,14.1736128 100.9378338,14.1723958 100.9383802,14.170812 100.9384276,14.1698331 100.9383265,14.1680696 100.9383005,14.1675944 100.9385483,14.1668729</coordinates></LineString></MultiGeometry>
  </Placemark>
</Folder>
</Document></kml>
